id|first_name|last_name|email|gender|address|city|state|zip
1|Jeralee|Fifield|jfifield0@issuu.com|Female|92 Porter Road|Kansas City|Missouri|64109
2|Alberta|Liddicoat|aliddicoat1@wikispaces.com|Female|14 Anthes Junction|Albany|New York|12222
3|Wyndham|Pawlyn|wpawlyn2@usa.gov|Male|3962 Debra Trail|Augusta|Georgia|30905
4|Rube|Aleksidze|raleksidze3@hugedomains.com|Male|470 Aberg Plaza|Norfolk|Virginia|23520
5|Rriocard|Punchard|rpunchard4@sina.com.cn|Male|11 Dixon Parkway|Washington|District of Columbia|20425
6|Persis|Aiton|paiton5@mysql.com|Female|98661 Vahlen Junction|Roanoke|Virginia|24029
7|Israel|Walework|iwalework6@paypal.com|Male|34547 Farmco Park|Racine|Wisconsin|53405
8|Humberto|Hassin|hhassin7@prweb.com|Male|79081 Kings Drive|Charlotte|North Carolina|28242
9|Shanan|Scallon|sscallon8@princeton.edu|Male|86 Lukken Drive|Milwaukee|Wisconsin|53285
10|Gwyn|Ogger|gogger9@rambler.ru|Female|20624 Myrtle Circle|Richmond|Virginia|23203
11|Sada|Wyleman|swylemana@bing.com|Female|6508 Cascade Street|Huntington|West Virginia|25711
12|Rana|Domegan|rdomeganb@qq.com|Female|1781 Anthes Junction|Dallas|Texas|75226
13|Rancell|Loughney|rloughneyc@plala.or.jp|Male|15 Loftsgordon Court|Roanoke|Virginia|24040
14|Lynn|Opfer|lopferd@feedburner.com|Male|32344 Blaine Terrace|Raleigh|North Carolina|27610
15|Elsy|Arnecke|earneckee@miitbeian.gov.cn|Female|010 Farmco Court|Sacramento|California|94280
16|Jaimie|De Wolfe|jdewolfef@blinklist.com|Male|9 Grover Park|Stockton|California|95219
17|Dorita|Pfleger|dpflegerg@ed.gov|Female|855 Bayside Drive|Huntsville|Alabama|35805
18|Madalyn|Ramble|mrambleh@w3.org|Female|5 Holmberg Way|Pasadena|California|91199
19|Rourke|Stapleford|rstaplefordi@symantec.com|Male|458 Lotheville Hill|Salt Lake City|Utah|84170
20|Valdemar|Fairrie|vfairriej@deliciousdays.com|Male|3 Scott Park|Houston|Texas|77050
21|May|Eliyahu|meliyahuk@merriam-webster.com|Female|2 Lakewood Alley|Nashville|Tennessee|37210
22|Lamar|Clackers|lclackersl@hhs.gov|Male|04 Londonderry Place|San Diego|California|92110
23|Pepito|Hayer|phayerm@princeton.edu|Male|2131 Melvin Street|Greenville|South Carolina|29615
24|Brenn|Huxley|bhuxleyn@cbsnews.com|Female|72717 Cambridge Way|Raleigh|North Carolina|27621
25|Cornelius|Bruno|cbrunoo@a8.net|Male|93 Johnson Way|Philadelphia|Pennsylvania|19172
26|Ronnica|Crowest|rcrowestp@exblog.jp|Female|6118 Kings Way|North Las Vegas|Nevada|89087
27|Lynelle|Pavy|lpavyq@npr.org|Female|71 Laurel Alley|Albany|New York|12222
28|Jaclin|Meardon|jmeardonr@shinystat.com|Female|8 Lien Park|Fairbanks|Alaska|99790
29|Hanan|Frenchum|hfrenchums@e-recht24.de|Male|45 Vera Way|Minneapolis|Minnesota|55412
30|Wilfred|MacKniely|wmacknielyt@gnu.org|Male|6 Sachtjen Alley|Roanoke|Virginia|24048
31|Borg|Yearnes|byearnesu@usda.gov|Male|7947 Nancy Street|Alexandria|Virginia|22313
32|Ingeborg|Bonin|iboninv@blogger.com|Female|3346 Mockingbird Road|Houston|Texas|77060
33|Teddi|O'Hoolahan|tohoolahanw@so-net.ne.jp|Female|6825 Trailsway Lane|Portland|Oregon|97221
34|Lea|Cornbill|lcornbillx@furl.net|Female|7 Corscot Street|Anderson|Indiana|46015
35|Cassie|Grote|cgrotey@blogs.com|Male|7 Division Way|Colorado Springs|Colorado|80951
36|Cleopatra|Woodfin|cwoodfinz@uol.com.br|Female|2 Loomis Place|Dallas|Texas|75277
37|Pembroke|Ottawell|pottawell10@dailymail.co.uk|Male|192 Crescent Oaks Alley|Louisville|Kentucky|40225
38|Johnna|De Cristofalo|jdecristofalo11@irs.gov|Female|004 Farwell Street|Myrtle Beach|South Carolina|29579
39|Sherwin|Wansbury|swansbury12@patch.com|Male|0830 Maple Wood Court|Fullerton|California|92835
40|Rollie|Elliss|relliss13@cnbc.com|Male|544 Ohio Lane|New York City|New York|10060
41|Hercule|Lawie|hlawie14@soup.io|Male|810 Eastwood Junction|Houston|Texas|77005
42|Lucine|Atling|latling15@marriott.com|Female|304 Lake View Pass|Portsmouth|New Hampshire|03804
43|Tomasine|Lacknor|tlacknor16@merriam-webster.com|Female|3717 Kenwood Park|Harrisburg|Pennsylvania|17105
44|Wilmette|Dunthorn|wdunthorn17@t-online.de|Female|25 Sheridan Center|Bronx|New York|10464
45|Teador|Chawkley|tchawkley18@dmoz.org|Male|78699 Larry Pass|Philadelphia|Pennsylvania|19178
46|Pieter|Codron|pcodron19@squidoo.com|Male|707 Old Shore Lane|Washington|District of Columbia|20551
47|Taryn|Dilkes|tdilkes1a@geocities.jp|Female|800 Lyons Parkway|Alhambra|California|91841
48|Andras|Hasker|ahasker1b@quantcast.com|Male|2 Meadow Ridge Terrace|Arlington|Texas|76011
49|Liv|Rushford|lrushford1c@examiner.com|Female|5086 Bashford Plaza|Sacramento|California|94237
50|Shurwood|Peto|speto1d@canalblog.com|Male|708 Browning Drive|Winston Salem|North Carolina|27105
51|Norris|Dumberell|ndumberell1e@samsung.com|Male|059 Ohio Plaza|Tulsa|Oklahoma|74103
52|Bastian|Belle|bbelle1f@oracle.com|Male|4272 Porter Hill|Staten Island|New York|10310
53|Tadio|Vondracek|tvondracek1g@weibo.com|Male|66015 Kropf Trail|Carlsbad|California|92013
54|Gabrila|Jaycocks|gjaycocks1h@indiatimes.com|Female|139 Loftsgordon Circle|Baltimore|Maryland|21211
55|Alastair|Feckey|afeckey1i@zimbio.com|Male|3 Sauthoff Center|Fort Lauderdale|Florida|33345
56|Stephanus|Edghinn|sedghinn1j@blogspot.com|Male|36334 Upham Avenue|New York City|New York|10099
57|Harriett|Croxford|hcroxford1k@desdev.cn|Female|82 Oakridge Center|Rochester|New York|14604
58|Ermina|Klement|eklement1l@gmpg.org|Female|23738 Fairview Avenue|Oklahoma City|Oklahoma|73190
59|Quincy|Weatherburn|qweatherburn1m@msu.edu|Male|7 Lukken Park|Orlando|Florida|32854
60|Gerhardt|Corbishley|gcorbishley1n@sun.com|Male|8551 Ludington Street|Miami|Florida|33233
61|Darla|Musker|dmusker1o@auda.org.au|Female|42 Sheridan Lane|Las Vegas|Nevada|89178
62|Orel|Bearne|obearne1p@sogou.com|Female|87021 Myrtle Hill|Modesto|California|95397
63|Arlina|Caseborne|acaseborne1q@businessweek.com|Female|34768 Cottonwood Court|Bradenton|Florida|34205
64|Norene|Kuhl|nkuhl1r@technorati.com|Female|531 La Follette Circle|Fort Lauderdale|Florida|33305
65|Waylon|Rubinfajn|wrubinfajn1s@joomla.org|Male|0871 Forest Dale Point|Albuquerque|New Mexico|87110
66|Leoline|Tippell|ltippell1t@sourceforge.net|Female|099 Elka Crossing|Springfield|Illinois|62794
67|Benjamin|Siggin|bsiggin1u@artisteer.com|Male|7 Michigan Parkway|Jersey City|New Jersey|07305
68|Reinhold|Mercey|rmercey1v@tumblr.com|Male|526 La Follette Terrace|Denver|Colorado|80299
69|Bartram|Seleway|bseleway1w@tmall.com|Male|253 Cardinal Center|Melbourne|Florida|32919
70|Elroy|Petracek|epetracek1x@businessweek.com|Male|6225 Hudson Hill|Washington|District of Columbia|20520
71|Olav|Varfalameev|ovarfalameev1y@barnesandnoble.com|Male|7 Oriole Circle|New York City|New York|10260
72|Arden|Durning|adurning1z@sitemeter.com|Female|95830 Mockingbird Junction|Atlanta|Georgia|30311
73|Sashenka|Dannohl|sdannohl20@walmart.com|Female|93831 Scoville Hill|Orlando|Florida|32885
74|Pearla|Tuohy|ptuohy21@chronoengine.com|Female|288 Pawling Junction|Houston|Texas|77228
75|Janith|Willatts|jwillatts22@wix.com|Female|770 Northridge Place|Atlanta|Georgia|31106
76|Aili|Danielli|adanielli23@usa.gov|Female|6067 East Pass|Columbus|Ohio|43231
77|Abramo|Tamlett|atamlett24@wordpress.com|Male|62 Pleasure Parkway|Des Moines|Iowa|50393
78|Guglielmo|Zaple|gzaple25@ca.gov|Male|191 Nancy Way|Denver|Colorado|80249
79|Jinny|Harriagn|jharriagn26@aol.com|Female|2 Iowa Point|Madison|Wisconsin|53790
80|Nikola|Orsman|norsman27@typepad.com|Male|74467 Ramsey Junction|Virginia Beach|Virginia|23471
81|Florie|Truckell|ftruckell28@hugedomains.com|Female|69338 Rutledge Center|Erie|Pennsylvania|16550
82|Raoul|Tabbitt|rtabbitt29@gmpg.org|Male|506 Jenifer Point|Brooklyn|New York|11241
83|Jami|Jamblin|jjamblin2a@com.com|Female|684 Grover Pass|Rockville|Maryland|20851
84|Annmarie|Josifovic|ajosifovic2b@blogs.com|Female|02449 1st Parkway|Knoxville|Tennessee|37939
85|Claudetta|Liepina|cliepina2c@fc2.com|Female|34 Katie Terrace|Paterson|New Jersey|07544
86|Lanny|Giblett|lgiblett2d@lycos.com|Male|09828 Sundown Circle|Atlanta|Georgia|30328
87|Theadora|Overland|toverland2e@google.co.uk|Female|51 Oak Valley Junction|Toledo|Ohio|43615
88|Rocky|Cudiff|rcudiff2f@theglobeandmail.com|Male|89017 Elmside Center|Spartanburg|South Carolina|29319
89|Garrot|Thewlis|gthewlis2g@wunderground.com|Male|021 Marcy Way|Lubbock|Texas|79405
90|Joyan|Grahlmans|jgrahlmans2h@nhs.uk|Female|2 Sullivan Park|Trenton|New Jersey|08695
91|Rhetta|Scragg|rscragg2i@sbwire.com|Female|30 Canary Street|Springfield|Illinois|62718
92|Chariot|Wiltshear|cwiltshear2j@xinhuanet.com|Male|3 Bunting Way|Boston|Massachusetts|02216
93|Lilyan|Landers|llanders2k@delicious.com|Female|96216 South Avenue|Pueblo|Colorado|81015
94|Randy|Andresser|randresser2l@wikipedia.org|Female|5 Northwestern Way|Waco|Texas|76711
95|Honey|Shuard|hshuard2m@hostgator.com|Female|24 Mifflin Avenue|Newark|New Jersey|07195
96|Gregoire|MacMeanma|gmacmeanma2n@bluehost.com|Male|2366 Oneill Plaza|Brea|California|92822
97|Hal|Clerc|hclerc2o@shinystat.com|Male|1903 Ohio Drive|Jamaica|New York|11447
98|Patricia|Endrizzi|pendrizzi2p@geocities.com|Female|2024 East Center|Athens|Georgia|30610
99|Minetta|Beadon|mbeadon2q@cdbaby.com|Female|7512 Almo Junction|San Bernardino|California|92415
100|Marget|Castan|mcastan2r@theguardian.com|Female|72 Graedel Road|New Bedford|Massachusetts|02745
101|Ludwig|Fraczek|lfraczek2s@php.net|Male|022 Old Gate Park|Chicago|Illinois|60646
102|Ashia|Mayler|amayler2t@sciencedirect.com|Female|09123 Beilfuss Park|Santa Cruz|California|95064
103|Krystalle|Sawden|ksawden2u@godaddy.com|Female|19373 Park Meadow Park|El Paso|Texas|79955
104|Josselyn|Gribbell|jgribbell2v@people.com.cn|Female|598 Nova Hill|Salt Lake City|Utah|84135
105|Ferdinand|Kilduff|fkilduff2w@fc2.com|Male|9293 Bluestem Pass|Spokane|Washington|99260
106|Tarah|Ruppele|truppele2x@java.com|Female|3300 Gulseth Terrace|Los Angeles|California|90094
107|Leon|Maillard|lmaillard2y@washingtonpost.com|Male|07 Reinke Plaza|Dallas|Texas|75236
108|Aubrey|Portriss|aportriss2z@google.com|Female|98 American Place|Topeka|Kansas|66622
109|Marcellus|Goulston|mgoulston30@oracle.com|Male|39187 Reindahl Road|Cleveland|Ohio|44197
110|Gary|Hulmes|ghulmes31@phoca.cz|Male|07629 Commercial Place|Houston|Texas|77045
111|Rayshell|Petherick|rpetherick32@surveymonkey.com|Female|57507 Brickson Park Avenue|Fresno|California|93704
112|Bertie|Bassingden|bbassingden33@cpanel.net|Male|4 Scoville Plaza|Norfolk|Virginia|23509
113|Gregoire|Ayllett|gayllett34@tmall.com|Male|3 Scoville Pass|New York City|New York|10009
114|Leticia|Mounsey|lmounsey35@deviantart.com|Female|20 Thierer Trail|Tuscaloosa|Alabama|35405
115|Way|Netley|wnetley36@time.com|Male|940 Esch Pass|Little Rock|Arkansas|72215
116|Diarmid|Sillick|dsillick37@newyorker.com|Male|4507 Donald Center|Honolulu|Hawaii|96835
117|Shela|Wiggans|swiggans38@ebay.co.uk|Female|96711 Packers Drive|Boulder|Colorado|80328
118|Cort|Huckle|chuckle39@toplist.cz|Male|907 Waxwing Trail|Plano|Texas|75074
119|Emanuele|Pleace|epleace3a@is.gd|Male|35 Gerald Street|Winter Haven|Florida|33884
120|Madalena|Sever|msever3b@google.es|Female|943 Graceland Drive|Reading|Pennsylvania|19605
121|Baird|Champ|bchamp3c@privacy.gov.au|Male|3 Calypso Drive|Portland|Oregon|97216
122|Filippa|Niblo|fniblo3d@reverbnation.com|Female|9 Lakewood Gardens Way|Lehigh Acres|Florida|33972
123|Ginnifer|Bonn|gbonn3e@hibu.com|Female|2069 Butternut Circle|Indianapolis|Indiana|46247
124|Demetrius|Elcombe|delcombe3f@reference.com|Male|212 Pepper Wood Trail|Cincinnati|Ohio|45243
125|Malorie|Randales|mrandales3g@ftc.gov|Female|87900 Manitowish Trail|Gainesville|Florida|32610
126|Desiree|Barnfield|dbarnfield3h@about.me|Female|24214 Cordelia Trail|Laredo|Texas|78044
127|Freeman|Adamo|fadamo3i@com.com|Male|9472 Ridgeview Road|Huntsville|Alabama|35805
128|Sharleen|Scullin|sscullin3j@theatlantic.com|Female|38 1st Circle|El Paso|Texas|79994
129|Noell|Kopfer|nkopfer3k@google.de|Female|819 Gerald Drive|Dayton|Ohio|45419
130|Melisenda|O'Lahy|molahy3l@dedecms.com|Female|23148 Cottonwood Avenue|Houston|Texas|77040
131|Bjorn|Labin|blabin3m@clickbank.net|Male|9848 Talmadge Plaza|Utica|New York|13505
132|Andromache|Rickell|arickell3n@vimeo.com|Female|500 Buell Plaza|San Jose|California|95128
133|Delores|Mila|dmila3o@oaic.gov.au|Female|28 Farragut Place|Fort Wayne|Indiana|46857
134|Gypsy|Starcks|gstarcks3p@hud.gov|Female|7 Sycamore Place|Joliet|Illinois|60435
135|Stephen|Byrcher|sbyrcher3q@wikia.com|Male|51 Fuller Court|Beaumont|Texas|77713
136|Alden|Budnk|abudnk3r@cocolog-nifty.com|Male|1378 Scofield Way|Orlando|Florida|32854
137|Borden|Comben|bcomben3s@illinois.edu|Male|97773 Mesta Park|Youngstown|Ohio|44555
138|Othilia|Redemile|oredemile3t@geocities.jp|Female|9 Lawn Hill|Birmingham|Alabama|35205
139|Kelcie|Creer|kcreer3u@icq.com|Female|1 Knutson Road|Fort Worth|Texas|76129
140|Deny|Gaythorpe|dgaythorpe3v@tmall.com|Female|8 Lakewood Gardens Parkway|Montgomery|Alabama|36195
141|Bourke|Joul|bjoul3w@biblegateway.com|Male|0508 Trailsway Hill|Chicago|Illinois|60636
142|Sayers|Cregin|scregin3x@indiatimes.com|Male|90 Ilene Alley|New Orleans|Louisiana|70160
143|Jill|Dominy|jdominy3y@disqus.com|Female|82 Quincy Trail|Bronx|New York|10469
144|Harmon|Gaffey|hgaffey3z@go.com|Male|3649 Granby Circle|Ann Arbor|Michigan|48107
145|Odette|Sedgwick|osedgwick40@is.gd|Female|9200 Pleasure Trail|Shawnee Mission|Kansas|66225
146|Vinnie|Reilly|vreilly41@redcross.org|Male|13373 Moose Avenue|Atlanta|Georgia|30340
147|Garvy|Cardoso|gcardoso42@blogger.com|Male|2694 Monterey Street|Savannah|Georgia|31405
148|Milzie|Toulch|mtoulch43@oracle.com|Female|37269 Fair Oaks Center|Houston|Texas|77250
149|Woodie|Congdon|wcongdon44@myspace.com|Male|299 Birchwood Lane|Orlando|Florida|32868
150|Gilberta|Reichardt|greichardt45@ucoz.ru|Female|38610 Westridge Junction|Washington|District of Columbia|20078
151|Raffaello|Goldbourn|rgoldbourn46@mtv.com|Male|4551 Bluestem Drive|New York City|New York|10115
152|Eleen|Vere|evere47@reference.com|Female|89 Bartillon Plaza|Indianapolis|Indiana|46216
153|Hanni|Bramwell|hbramwell48@ibm.com|Female|2 Porter Drive|Shreveport|Louisiana|71105
154|Godwin|Phizackerly|gphizackerly49@dailymotion.com|Male|8 Crowley Avenue|San Bernardino|California|92424
155|Carlyn|Lodden|clodden4a@netscape.com|Female|6397 Hanover Trail|Annapolis|Maryland|21405
156|Archer|Monteaux|amonteaux4b@uol.com.br|Male|3736 Morningstar Plaza|Des Moines|Iowa|50393
157|Cookie|Cousen|ccousen4c@ow.ly|Female|85 Green Ridge Crossing|Van Nuys|California|91406
158|Niel|Gwilt|ngwilt4d@php.net|Male|4 Jenna Crossing|Des Moines|Iowa|50347
159|Lorrie|Polley|lpolley4e@fda.gov|Male|81 Coolidge Terrace|Davenport|Iowa|52804
160|Milty|Hynam|mhynam4f@paginegialle.it|Male|59839 Spenser Circle|North Little Rock|Arkansas|72118
161|Cordy|Mickleburgh|cmickleburgh4g@alibaba.com|Male|859 Barby Plaza|Boynton Beach|Florida|33436
162|Hurleigh|Stork|hstork4h@youku.com|Male|6 Spohn Avenue|Petaluma|California|94975
163|Marlane|Fowls|mfowls4i@topsy.com|Female|136 Kings Junction|Portsmouth|New Hampshire|03804
164|Berny|Inworth|binworth4j@youku.com|Female|71142 Troy Hill|Irvine|California|92619
165|Lelah|Tupper|ltupper4k@mail.ru|Female|55214 Golf Course Crossing|Toledo|Ohio|43610
166|Welby|Totton|wtotton4l@studiopress.com|Male|88 Darwin Park|Indianapolis|Indiana|46239
167|Sherri|Dewi|sdewi4m@sitemeter.com|Female|1474 Sunbrook Pass|Pensacola|Florida|32520
168|Gelya|Whiting|gwhiting4n@imageshack.us|Female|708 Tennessee Alley|Greensboro|North Carolina|27404
169|Trevar|Maskell|tmaskell4o@usnews.com|Male|3 Hauk Terrace|Phoenix|Arizona|85005
170|Ibbie|Titchener|ititchener4p@dell.com|Female|2969 Londonderry Street|Charlotte|North Carolina|28299
171|Lucinda|Brendish|lbrendish4q@biglobe.ne.jp|Female|755 Pearson Place|New Orleans|Louisiana|70174
172|Harman|Ashbey|hashbey4r@google.ca|Male|286 Aberg Lane|Chicago|Illinois|60674
173|Ambrosius|Austing|aausting4s@blog.com|Male|9165 Nelson Trail|El Paso|Texas|88584
174|Harris|Eye|heye4t@accuweather.com|Male|24 Bowman Hill|Wichita|Kansas|67220
175|Osbourne|Slack|oslack4u@yahoo.co.jp|Male|5 2nd Crossing|Indianapolis|Indiana|46202
176|Davida|Onion|donion4v@utexas.edu|Female|2829 Larry Alley|Kansas City|Missouri|64160
177|Dagny|L'Hommeau|dlhommeau4w@wikispaces.com|Male|64 Anzinger Junction|Wichita Falls|Texas|76310
178|Lemar|Pee|lpee4x@sakura.ne.jp|Male|468 Linden Pass|Bryan|Texas|77806
179|Pippa|Semmence|psemmence4y@bing.com|Female|3 Bluejay Center|Lubbock|Texas|79452
180|Tades|Dillon|tdillon4z@yale.edu|Male|7184 Michigan Hill|Boise|Idaho|83727
181|Alanna|Jirousek|ajirousek50@oracle.com|Female|5 Melody Court|Seattle|Washington|98175
182|Luca|Schruyers|lschruyers51@dedecms.com|Male|3 Corscot Point|Minneapolis|Minnesota|55407
183|Dolores|Kob|dkob52@spotify.com|Female|1 Lakewood Drive|San Diego|California|92186
184|Davina|Edmett|dedmett53@freewebs.com|Female|4383 Truax Street|Philadelphia|Pennsylvania|19120
185|Natalya|Mokes|nmokes54@ted.com|Female|82 Summit Way|Mesa|Arizona|85215
186|Gregorio|Buchett|gbuchett55@time.com|Male|65451 Grayhawk Hill|Akron|Ohio|44393
187|Findley|Cundict|fcundict56@elegantthemes.com|Male|3967 Carey Place|Houston|Texas|77080
188|Nesta|Fernandez|nfernandez57@g.co|Female|5 Dawn Lane|Birmingham|Alabama|35290
189|Annmaria|Roggerone|aroggerone58@guardian.co.uk|Female|16 Drewry Way|Fresno|California|93786
190|Keith|Rankmore|krankmore59@dailymail.co.uk|Male|02 Anderson Avenue|Birmingham|Alabama|35215
191|Mick|Hallgath|mhallgath5a@telegraph.co.uk|Male|1 Trailsway Pass|El Paso|Texas|79984
192|Kahlil|Veldman|kveldman5b@livejournal.com|Male|76804 8th Center|Pittsburgh|Pennsylvania|15279
193|Wallas|MacMarcuis|wmacmarcuis5c@com.com|Male|4 Hanover Place|Fairfax|Virginia|22036
194|Annabella|Kellert|akellert5d@hatena.ne.jp|Female|2 Farragut Crossing|Greensboro|North Carolina|27415
195|Claudia|Lansberry|clansberry5e@spotify.com|Female|54305 Fremont Plaza|Sacramento|California|94237
196|Petronella|Whysall|pwhysall5f@com.com|Female|416 Pine View Plaza|Tyler|Texas|75799
197|Manya|Oakey|moakey5g@mail.ru|Female|6 Artisan Road|Miami|Florida|33142
198|Ruthanne|Stubs|rstubs5h@drupal.org|Female|05326 Pepper Wood Parkway|Elizabeth|New Jersey|07208
199|Murry|Pauleit|mpauleit5i@slideshare.net|Male|61292 Ruskin Pass|Omaha|Nebraska|68117
200|Kylila|Jeavon|kjeavon5j@nbcnews.com|Female|9551 Arrowood Lane|Bradenton|Florida|34282
201|Vivienne|Caston|vcaston5k@myspace.com|Female|8348 Redwing Trail|Chicago|Illinois|60663
202|Thaddeus|Itzakson|titzakson5l@yale.edu|Male|876 Charing Cross Way|Kissimmee|Florida|34745
203|Tonya|Fuentez|tfuentez5m@sitemeter.com|Female|3 Clyde Gallagher Circle|Atlanta|Georgia|30301
204|Siana|Luetkemeyer|sluetkemeyer5n@g.co|Female|648 Kipling Parkway|Eugene|Oregon|97405
205|Milty|Blasing|mblasing5o@apple.com|Male|3 New Castle Way|Naples|Florida|33963
206|Artemus|Danhel|adanhel5p@hp.com|Male|50 Hansons Park|Dayton|Ohio|45440
207|Jennette|Hegges|jhegges5q@exblog.jp|Female|04814 Ridgeview Avenue|New York City|New York|10131
208|Noni|Clatworthy|nclatworthy5r@barnesandnoble.com|Female|5 Moulton Avenue|Fort Worth|Texas|76115
209|Olvan|Di Iorio|odiiorio5s@geocities.jp|Male|8 Morrow Hill|Irvine|California|92717
210|Derril|Aspinal|daspinal5t@goodreads.com|Male|1 Atwood Avenue|Rochester|New York|14639
211|Sid|Beche|sbeche5u@webeden.co.uk|Male|09664 Cordelia Pass|Raleigh|North Carolina|27658
212|Ezechiel|Djokic|edjokic5v@e-recht24.de|Male|778 Forster Avenue|Hamilton|Ohio|45020
213|Douglas|Bliben|dbliben5w@zimbio.com|Male|56228 Dixon Way|Denver|Colorado|80241
214|Catherina|Nussii|cnussii5x@cornell.edu|Female|4480 Duke Lane|Terre Haute|Indiana|47812
215|Lottie|Brumbie|lbrumbie5y@npr.org|Female|3 West Court|Portland|Oregon|97201
216|Monah|Dawber|mdawber5z@tinyurl.com|Female|4 East Hill|Helena|Montana|59623
217|Allistir|Boas|aboas60@pinterest.com|Male|55808 Del Mar Hill|Huntsville|Alabama|35895
218|Marilee|Ashbe|mashbe61@adobe.com|Female|00 Bartillon Drive|Montgomery|Alabama|36134
219|Angus|O'Crowley|aocrowley62@businessinsider.com|Male|486 Delaware Hill|Scottsdale|Arizona|85260
220|Randi|Henfre|rhenfre63@prweb.com|Male|149 Veith Trail|Roanoke|Virginia|24029
221|Robinet|Graveney|rgraveney64@printfriendly.com|Male|18 Hazelcrest Hill|Rochester|New York|14604
222|Shelley|Redpath|sredpath65@wikipedia.org|Male|734 Dawn Circle|Cambridge|Massachusetts|02142
223|Thom|Shepton|tshepton66@amazon.co.uk|Male|53568 Cordelia Hill|El Paso|Texas|88553
224|Britta|Hagart|bhagart67@npr.org|Female|49 Pawling Trail|Phoenix|Arizona|85062
225|Bondy|Fendlow|bfendlow68@sun.com|Male|4 Claremont Crossing|Nashville|Tennessee|37215
226|Jamie|Dayley|jdayley69@ibm.com|Female|2913 Myrtle Street|Topeka|Kansas|66622
227|Dru|Glabach|dglabach6a@pagesperso-orange.fr|Female|4 High Crossing Place|Santa Monica|California|90405
228|Florida|Saye|fsaye6b@virginia.edu|Female|69676 Leroy Park|Saint Petersburg|Florida|33715
229|Katy|Hegges|khegges6c@twitpic.com|Female|09638 Manufacturers Pass|Fort Lauderdale|Florida|33315
230|Marylynne|Keoghane|mkeoghane6d@unblog.fr|Female|02 Pond Park|Vienna|Virginia|22184
231|Maurits|Benes|mbenes6e@mozilla.com|Male|322 Magdeline Alley|Raleigh|North Carolina|27621
232|Si|Emmines|semmines6f@ask.com|Male|35127 Di Loreto Junction|Kansas City|Missouri|64149
233|Merill|Garnsworthy|mgarnsworthy6g@alibaba.com|Male|1078 Messerschmidt Park|Wilkes Barre|Pennsylvania|18763
234|Warde|Hoyland|whoyland6h@noaa.gov|Male|868 Oak Valley Court|Norfolk|Virginia|23509
235|Sapphire|Davidi|sdavidi6i@cloudflare.com|Female|4 Onsgard Street|Milwaukee|Wisconsin|53234
236|Laina|Harradence|lharradence6j@state.tx.us|Female|357 Banding Point|Denver|Colorado|80249
237|Wallie|Pashan|wpashan6k@amazon.com|Male|6451 Coleman Avenue|Ann Arbor|Michigan|48107
238|Grove|Matusiak|gmatusiak6l@latimes.com|Male|5556 Canary Crossing|Bakersfield|California|93386
239|Godfree|Bantham|gbantham6m@usa.gov|Male|8302 Mcbride Way|Houston|Texas|77010
240|Burt|Swarbrigg|bswarbrigg6n@bloglines.com|Male|5 Becker Avenue|Springfield|Massachusetts|01129
241|Yehudit|Lanchbery|ylanchbery6o@digg.com|Male|74 Derek Parkway|Detroit|Michigan|48295
242|Gardie|Purcer|gpurcer6p@harvard.edu|Male|15 Paget Drive|Tyler|Texas|75705
243|Jocelyne|Coggell|jcoggell6q@nasa.gov|Female|4368 Talisman Park|Wichita Falls|Texas|76305
244|Giorgi|Kelberman|gkelberman6r@mysql.com|Male|21092 Carpenter Court|Miami|Florida|33261
245|Bink|Laycock|blaycock6s@sciencedirect.com|Male|3633 Springs Terrace|Panama City|Florida|32405
246|Anny|Frayling|afrayling6t@devhub.com|Female|8223 Bashford Avenue|Houston|Texas|77255
247|Amelie|Woolis|awoolis6u@w3.org|Female|38885 Dennis Drive|Boca Raton|Florida|33432
248|Arman|Coling|acoling6v@hubpages.com|Male|02 Del Mar Circle|Columbus|Ohio|43215
249|Audry|Heinrich|aheinrich6w@webnode.com|Female|25777 Village Green Junction|Peoria|Illinois|61656
250|Serge|Briggdale|sbriggdale6x@jimdo.com|Male|2305 Troy Drive|Jacksonville|Florida|32215
251|Beatrice|Sparry|bsparry6y@amazon.com|Female|357 Sunbrook Court|Billings|Montana|59112
252|Jeffrey|Caley|jcaley6z@guardian.co.uk|Male|5 Gateway Parkway|Rochester|New York|14639
253|Stanislaw|Starking|sstarking70@dedecms.com|Male|1967 Fremont Junction|Tuscaloosa|Alabama|35405
254|Pace|Mines|pmines71@creativecommons.org|Male|4 Norway Maple Street|Grand Rapids|Michigan|49518
255|Zebulon|Warder|zwarder72@ftc.gov|Male|4689 Anthes Parkway|Alexandria|Virginia|22301
256|Yankee|Budcock|ybudcock73@icio.us|Male|1 Schmedeman Road|Indianapolis|Indiana|46254
257|Corrine|Otson|cotson74@dot.gov|Female|7826 Huxley Court|Monticello|Minnesota|55565
258|Valry|Sivell|vsivell75@senate.gov|Female|77000 Stephen Parkway|Portland|Oregon|97286
259|Horton|Eyam|heyam76@yellowbook.com|Male|3 Lake View Junction|Fort Worth|Texas|76198
260|Gracia|Gravett|ggravett77@princeton.edu|Female|027 Eastwood Place|Jackson|Mississippi|39210
261|Sascha|Davidwitz|sdavidwitz78@usnews.com|Male|08490 Prentice Street|Topeka|Kansas|66611
262|Candida|Fawley|cfawley79@skyrock.com|Female|6215 Kropf Circle|Saint Joseph|Missouri|64504
263|Evyn|Ashmole|eashmole7a@webmd.com|Male|117 Anzinger Center|Boston|Massachusetts|02114
264|Woodie|Beggan|wbeggan7b@mapquest.com|Male|78 Superior Lane|Charlottesville|Virginia|22908
265|Velma|Laborda|vlaborda7c@constantcontact.com|Female|01918 Butterfield Hill|Cumming|Georgia|30130
266|Jackie|Emmett|jemmett7d@cyberchimps.com|Male|2637 Texas Trail|Atlanta|Georgia|31119
267|Tabina|Surcomb|tsurcomb7e@engadget.com|Female|3 Pine View Pass|Madison|Wisconsin|53785
268|Gregorius|Kindon|gkindon7f@cbsnews.com|Male|89713 Paget Hill|Phoenix|Arizona|85053
269|Dalenna|Scroggie|dscroggie7g@google.ru|Female|265 Arizona Circle|Dallas|Texas|75342
270|Gilda|Cupitt|gcupitt7h@google.ca|Female|4 Arrowood Drive|Birmingham|Alabama|35215
271|Tyson|Oaten|toaten7i@slashdot.org|Male|81 Kensington Alley|Austin|Texas|78783
272|Esme|Thying|ethying7j@furl.net|Male|59 Pleasure Hill|Dallas|Texas|75342
273|Godart|Larvin|glarvin7k@behance.net|Male|07457 Village Junction|Aurora|Colorado|80045
274|Caralie|Muller|cmuller7l@mlb.com|Female|0 Karstens Trail|Washington|District of Columbia|20226
275|Kaile|Barca|kbarca7m@foxnews.com|Female|9893 Banding Street|Greenville|South Carolina|29610
276|Nessa|Gallop|ngallop7n@surveymonkey.com|Female|759 Eastlawn Trail|Madison|Wisconsin|53790
277|Merwin|Kindleysides|mkindleysides7o@apache.org|Male|668 Anthes Trail|Philadelphia|Pennsylvania|19120
278|Winfred|Potten|wpotten7p@virginia.edu|Male|99 Magdeline Terrace|Birmingham|Alabama|35242
279|Hoebart|Pettus|hpettus7q@cpanel.net|Male|337 Butternut Hill|Columbia|South Carolina|29203
280|Gus|Springate|gspringate7r@globo.com|Male|26 Talmadge Avenue|Joliet|Illinois|60435
281|Frayda|Wharin|fwharin7s@usgs.gov|Female|886 Londonderry Street|Saint Paul|Minnesota|55127
282|Lanette|Vasilyev|lvasilyev7t@mayoclinic.com|Female|4621 Ryan Plaza|Atlanta|Georgia|30386
283|Kira|Klimontovich|kklimontovich7u@ibm.com|Female|1 Dennis Plaza|Davenport|Iowa|52809
284|Vivianne|Liddard|vliddard7v@blogtalkradio.com|Female|3 Melody Terrace|Columbus|Ohio|43215
285|Goddart|Vasyunkin|gvasyunkin7w@uol.com.br|Male|29 Oneill Hill|Valley Forge|Pennsylvania|19495
286|Waldemar|Weymont|wweymont7x@zdnet.com|Male|6 Colorado Way|Carol Stream|Illinois|60158
287|Moises|Angrock|mangrock7y@alibaba.com|Male|308 Graedel Drive|Houston|Texas|77245
288|Erminie|McGarahan|emcgarahan7z@ycombinator.com|Female|455 Summer Ridge Junction|Los Angeles|California|90025
289|Hamnet|Agius|hagius80@stanford.edu|Male|7039 Oak Valley Circle|Seattle|Washington|98109
290|Carrie|Hurford|churford81@berkeley.edu|Female|9 Delladonna Center|New Hyde Park|New York|11044
291|Alonso|Cicchinelli|acicchinelli82@vkontakte.ru|Male|2 Springs Point|Canton|Ohio|44705
292|Chalmers|Tewkesberrie|ctewkesberrie83@independent.co.uk|Male|16 Morningstar Plaza|Cleveland|Ohio|44177
293|Goober|Verissimo|gverissimo84@sun.com|Male|78017 Valley Edge Terrace|Lafayette|Louisiana|70505
294|Luca|Croxley|lcroxley85@bloglines.com|Male|11966 Hoepker Court|Lincoln|Nebraska|68505
295|Trey|Hedden|thedden86@loc.gov|Male|79522 Arrowood Road|Los Angeles|California|90050
296|Gerti|Falshaw|gfalshaw87@state.gov|Female|45 Northland Circle|Cincinnati|Ohio|45249
297|Alford|Agius|aagius88@addtoany.com|Male|6 Northport Circle|Seattle|Washington|98148
298|Gregorius|Nigh|gnigh89@mayoclinic.com|Male|121 Fremont Plaza|New York City|New York|10165
299|Gayleen|Moulder|gmoulder8a@imdb.com|Female|84 Sloan Circle|Staten Island|New York|10305
300|Duky|McEttigen|dmcettigen8b@timesonline.co.uk|Male|74 Independence Crossing|Anderson|Indiana|46015
301|Laurens|Defty|ldefty8c@booking.com|Male|980 Victoria Place|Alexandria|Virginia|22309
302|Eben|Tucknutt|etucknutt8d@mtv.com|Male|62 Crownhardt Street|Corpus Christi|Texas|78426
303|Juanita|Stalley|jstalley8e@i2i.jp|Female|496 Porter Park|Alexandria|Virginia|22301
304|Dorry|Hannant|dhannant8f@php.net|Female|7 Clarendon Place|Baton Rouge|Louisiana|70836
305|Bryant|Cozens|bcozens8g@geocities.com|Male|1 Hoepker Court|Lubbock|Texas|79405
306|Hendrick|Gary|hgary8h@blogger.com|Male|75 Kenwood Trail|Lincoln|Nebraska|68583
307|Florella|Croster|fcroster8i@tripadvisor.com|Female|3504 Westridge Junction|Charleston|West Virginia|25305
308|Tierney|Castelot|tcastelot8j@washington.edu|Female|778 Manley Junction|Springfield|Massachusetts|01114
309|Gloriane|Lapwood|glapwood8k@etsy.com|Female|58985 Upham Park|Irving|Texas|75037
310|Sybille|Garlee|sgarlee8l@flavors.me|Female|77657 Bultman Alley|Pasadena|California|91125
311|See|Semeradova|ssemeradova8m@over-blog.com|Male|82 Express Point|Louisville|Kentucky|40266
312|Mallory|Deakin|mdeakin8n@over-blog.com|Female|4 Rowland Road|Dallas|Texas|75392
313|Kanya|Joist|kjoist8o@upenn.edu|Female|0383 Westridge Lane|Washington|District of Columbia|20220
314|Yuma|Schade|yschade8p@51.la|Male|34778 Meadow Valley Alley|Memphis|Tennessee|38150
315|Javier|Clevely|jclevely8q@nih.gov|Male|54 Sugar Avenue|San Francisco|California|94147
316|Liliane|Methuen|lmethuen8r@ftc.gov|Female|66 Kenwood Point|Dallas|Texas|75216
317|Nathalia|Aldington|naldington8s@twitpic.com|Female|50 Victoria Alley|Pasadena|Texas|77505
318|Carver|Wallsworth|cwallsworth8t@nature.com|Male|6661 Crownhardt Circle|Des Moines|Iowa|50315
319|Darren|Dwine|ddwine8u@yahoo.com|Male|838 Dexter Lane|Washington|District of Columbia|20525
320|Gerome|Heffernan|gheffernan8v@ca.gov|Male|55 Division Pass|South Bend|Indiana|46699
321|Mitzi|Borer|mborer8w@tripod.com|Female|8345 Clove Lane|Greensboro|North Carolina|27425
322|Stace|Flewitt|sflewitt8x@rambler.ru|Female|9497 Washington Alley|San Diego|California|92127
323|Doroteya|Burge|dburge8y@istockphoto.com|Female|68234 Village Green Alley|Albuquerque|New Mexico|87140
324|Zedekiah|Wagstaffe|zwagstaffe8z@moonfruit.com|Male|7630 Heffernan Center|San Diego|California|92191
325|Hank|Gething|hgething90@opensource.org|Male|2613 Del Mar Alley|Boston|Massachusetts|02203
326|Vachel|Lanchbury|vlanchbury91@noaa.gov|Male|01431 Dorton Hill|Duluth|Minnesota|55811
327|Daffy|Drysdell|ddrysdell92@paypal.com|Female|76265 Bartillon Circle|Champaign|Illinois|61825
328|Rachelle|Crum|rcrum93@wsj.com|Female|61 Arkansas Place|Pittsburgh|Pennsylvania|15225
329|Gray|Lamblin|glamblin94@eventbrite.com|Male|25355 Jenifer Terrace|Sacramento|California|95823
330|Henry|Speere|hspeere95@posterous.com|Male|52075 Tennessee Park|Birmingham|Alabama|35285
331|Tatiania|Baty|tbaty96@toplist.cz|Female|228 Evergreen Park|Des Moines|Iowa|50981
332|Jakob|Heinlein|jheinlein97@digg.com|Male|26502 Express Street|San Francisco|California|94116
333|Angeli|Colcomb|acolcomb98@yolasite.com|Male|326 Ludington Circle|Albuquerque|New Mexico|87115
334|Nerita|Scotfurth|nscotfurth99@buzzfeed.com|Female|385 Prairie Rose Court|Portland|Oregon|97211
335|Willie|Ivetts|wivetts9a@ycombinator.com|Male|514 Troy Park|Jackson|Mississippi|39282
336|Jordan|Mummery|jmummery9b@prlog.org|Female|6 Morning Way|Marietta|Georgia|30061
337|Merrili|Caine|mcaine9c@imgur.com|Female|86 Dakota Hill|Fort Myers|Florida|33994
338|Kile|Dullingham|kdullingham9d@tmall.com|Male|07309 Johnson Way|Dayton|Ohio|45432
339|Korella|Tuckwell|ktuckwell9e@qq.com|Female|34 Red Cloud Terrace|Brea|California|92822
340|Brewer|Grassot|bgrassot9f@ucoz.com|Male|6 Fieldstone Way|Springfield|Illinois|62794
341|Maybelle|Missington|mmissington9g@imageshack.us|Female|6640 La Follette Park|Canton|Ohio|44710
342|Niels|Micka|nmicka9h@icq.com|Male|15373 Roth Alley|El Paso|Texas|88569
343|Sadye|Diviney|sdiviney9i@ed.gov|Female|8775 Norway Maple Court|Rochester|New York|14604
344|Aldin|Whatley|awhatley9j@illinois.edu|Male|14 Tomscot Trail|Oakland|California|94611
345|Trueman|Belly|tbelly9k@1688.com|Male|15 Emmet Court|Spokane|Washington|99215
346|Marven|Ahren|mahren9l@fema.gov|Male|365 Parkside Park|Virginia Beach|Virginia|23454
347|Stacy|Jefford|sjefford9m@google.de|Female|168 Miller Avenue|Newark|New Jersey|07195
348|Marieann|Herrieven|mherrieven9n@dagondesign.com|Female|9 Dexter Trail|Bronx|New York|10469
349|Tandi|Philpotts|tphilpotts9o@t.co|Female|8 Oak Valley Junction|Trenton|New Jersey|08608
350|Gilli|Guiot|gguiot9p@reverbnation.com|Female|1 Jackson Alley|Lake Charles|Louisiana|70616
351|Gaye|Dreakin|gdreakin9q@merriam-webster.com|Female|13 Rutledge Parkway|San Jose|California|95108
352|Buiron|Teggin|bteggin9r@shop-pro.jp|Male|31 Little Fleur Plaza|Fresno|California|93778
353|Athene|Scogin|ascogin9s@t-online.de|Female|449 Jana Trail|Providence|Rhode Island|02905
354|Gwenore|Sevior|gsevior9t@redcross.org|Female|558 Service Lane|Albany|New York|12255
355|Elysee|Askey|easkey9u@ask.com|Female|7943 Nancy Road|New York City|New York|10275
356|Morena|Channing|mchanning9v@google.pl|Female|13829 Corben Street|Miami|Florida|33245
357|Hall|Mateuszczyk|hmateuszczyk9w@vinaora.com|Male|7 Cardinal Terrace|Louisville|Kentucky|40298
358|Rhea|Blondin|rblondin9x@hp.com|Female|16522 Buhler Alley|Long Beach|California|90810
359|Cahra|Hynd|chynd9y@mashable.com|Female|73320 Beilfuss Way|Wichita|Kansas|67215
360|Willi|Mortel|wmortel9z@reuters.com|Male|15173 Corscot Alley|Long Beach|California|90810
361|Daron|Semrad|dsemrada0@angelfire.com|Male|82291 Vahlen Terrace|Lafayette|Louisiana|70593
362|Aldwin|Jedrachowicz|ajedrachowicza1@mail.ru|Male|1599 Graceland Alley|Salt Lake City|Utah|84125
363|Hamnet|Harnwell|hharnwella2@cisco.com|Male|49 Twin Pines Crossing|Sacramento|California|94291
364|Cobb|Rubert|cruberta3@hibu.com|Male|50 Johnson Plaza|Toledo|Ohio|43699
365|Packston|Papis|ppapisa4@bloglovin.com|Male|670 Anhalt Road|Salem|Oregon|97306
366|Maddy|Bradshaw|mbradshawa5@canalblog.com|Male|8 Schlimgen Point|Bakersfield|California|93399
367|Leif|Squibb|lsquibba6@deliciousdays.com|Male|51 Reindahl Way|Denver|Colorado|80291
368|Otes|Pizzey|opizzeya7@phpbb.com|Male|30109 Corry Place|Corpus Christi|Texas|78426
369|Jyoti|Ecob|jecoba8@aol.com|Female|4 Emmet Place|Columbia|South Carolina|29225
370|Fania|McGeaney|fmcgeaneya9@linkedin.com|Female|549 Upham Parkway|Saint Louis|Missouri|63196
371|Pasquale|Dunne|pdunneaa@thetimes.co.uk|Male|785 Park Meadow Court|Arlington|Virginia|22205
372|Emelia|Vile|evileab@telegraph.co.uk|Female|72799 Lillian Lane|Richmond|Virginia|23272
373|Randee|Apple|rappleac@tinypic.com|Female|59027 Hallows Trail|Longview|Texas|75605
374|Dyanna|Chaplin|dchaplinad@hao123.com|Female|39964 Sunnyside Plaza|Phoenix|Arizona|85077
375|Bari|Cantwell|bcantwellae@cam.ac.uk|Female|17752 Rutledge Pass|Carol Stream|Illinois|60158
376|Eilis|Corbert|ecorbertaf@jalbum.net|Female|33 Charing Cross Place|El Paso|Texas|79989
377|Barri|Osmund|bosmundag@vk.com|Male|9052 Ronald Regan Hill|Washington|District of Columbia|20503
378|Barry|Keegan|bkeeganah@wordpress.com|Male|21838 Waywood Avenue|Huntington|West Virginia|25716
379|Rubetta|Elsy|relsyai@bloomberg.com|Female|6923 Corry Hill|Tampa|Florida|33605
380|Rafaellle|McDuall|rmcduallaj@chronoengine.com|Male|3971 Lerdahl Center|Stockton|California|95219
381|Kain|Rough|kroughak@booking.com|Male|35 Manufacturers Junction|Newark|New Jersey|07195
382|Chas|Kurdani|ckurdanial@skype.com|Male|4 High Crossing Street|Tampa|Florida|33647
383|Shawnee|Arkcoll|sarkcollam@uol.com.br|Female|844 Heath Trail|Cincinnati|Ohio|45296
384|Phip|Amberson|pambersonan@bbb.org|Male|2 Lerdahl Pass|Columbus|Ohio|43284
385|Ev|Ogg|eoggao@gnu.org|Male|15 Onsgard Lane|Washington|District of Columbia|20575
386|Zachery|Janus|zjanusap@psu.edu|Male|184 Lotheville Trail|Montgomery|Alabama|36109
387|Lacey|Legges|lleggesaq@booking.com|Female|9 Dorton Center|Buffalo|New York|14210
388|Link|Tyrer|ltyrerar@rambler.ru|Male|69 Dwight Crossing|Salt Lake City|Utah|84110
389|Becka|Stanway|bstanwayas@columbia.edu|Female|16755 Paget Way|Salinas|California|93907
390|Angeline|Pickover|apickoverat@sfgate.com|Female|086 Maple Wood Plaza|Saginaw|Michigan|48609
391|Steffi|McCobb|smccobbau@nyu.edu|Female|5 4th Place|Rochester|New York|14646
392|Papageno|Brameld|pbrameldav@ezinearticles.com|Male|6925 Sunbrook Way|Worcester|Massachusetts|01610
393|Clair|Adam|cadamaw@reuters.com|Female|8 Kedzie Circle|Young America|Minnesota|55551
394|Stefanie|Gumley|sgumleyax@tinypic.com|Female|780 Sachs Pass|Knoxville|Tennessee|37995
395|Hermy|Perceval|hpercevalay@shareasale.com|Male|03052 Dakota Park|Brooklyn|New York|11225
396|Peder|Maplethorpe|pmaplethorpeaz@g.co|Male|815 Forest Park|Huntington|West Virginia|25721
397|Phillipp|Yoseloff|pyoseloffb0@washingtonpost.com|Male|56064 Marquette Terrace|Jeffersonville|Indiana|47134
398|Queenie|Fancet|qfancetb1@yale.edu|Female|528 Redwing Way|Asheville|North Carolina|28805
399|Cheston|Powers|cpowersb2@usatoday.com|Male|91770 Dunning Trail|Wilmington|North Carolina|28405
400|Humbert|Arne|harneb3@sciencedaily.com|Male|30305 Morrow Park|Iowa City|Iowa|52245
401|Rollo|Robertazzi|rrobertazzib4@quantcast.com|Male|23927 Oak Valley Avenue|Athens|Georgia|30605
402|Kizzee|Scarsbrooke|kscarsbrookeb5@latimes.com|Female|86 Eastwood Road|Bismarck|North Dakota|58505
403|Bernette|Delong|bdelongb6@4shared.com|Female|245 Meadow Valley Center|Washington|District of Columbia|20220
404|Norina|Eggleton|neggletonb7@goodreads.com|Female|2293 Fisk Center|Hartford|Connecticut|06105
405|Krispin|Argont|kargontb8@tripod.com|Male|5 Dexter Hill|Grand Rapids|Michigan|49544
406|Vinnie|Charpling|vcharplingb9@google.co.uk|Male|173 Forest Crossing|Rochester|New York|14619
407|Gabi|Hughs|ghughsba@ucoz.ru|Female|24286 Paget Parkway|Albany|New York|12222
408|Bondie|De Ortega|bdeortegabb@reddit.com|Male|3789 Waxwing Trail|Charleston|West Virginia|25326
409|Albina|Craxford|acraxfordbc@army.mil|Female|54 Northport Terrace|Birmingham|Alabama|35210
410|Bertram|Boon|bboonbd@ifeng.com|Male|923 Marcy Lane|Dallas|Texas|75241
411|Freda|Bedell|fbedellbe@epa.gov|Female|5755 Karstens Crossing|Columbus|Georgia|31914
412|Daffie|Inskipp|dinskippbf@imageshack.us|Female|1 Prairieview Avenue|Garland|Texas|75049
413|Norine|Aronstein|naronsteinbg@marriott.com|Female|57618 Northland Court|Salt Lake City|Utah|84199
414|Cissiee|Weedenburg|cweedenburgbh@amazon.co.jp|Female|794 Stang Plaza|Washington|District of Columbia|20566
415|Issie|Selwin|iselwinbi@google.ru|Female|70592 Blackbird Park|Springfield|Massachusetts|01114
416|Marj|Fullerd|mfullerdbj@meetup.com|Female|33 Dunning Trail|Savannah|Georgia|31416
417|Wat|Chalmers|wchalmersbk@naver.com|Male|22 Kipling Pass|Milwaukee|Wisconsin|53277
418|Anabelle|Boyles|aboylesbl@yolasite.com|Female|66 Lawn Court|Columbus|Georgia|31998
419|Wallace|Carlton|wcarltonbm@dropbox.com|Male|41 Canary Lane|Washington|District of Columbia|20546
420|Paquito|Ost|postbn@mit.edu|Male|52 Spenser Hill|Chattanooga|Tennessee|37450
421|Johannes|Sheere|jsheerebo@prlog.org|Male|194 Crownhardt Court|Whittier|California|90610
422|Minna|Mellonby|mmellonbybp@wufoo.com|Female|9528 Division Plaza|Houston|Texas|77201
423|Friederike|McCrossan|fmccrossanbq@flickr.com|Female|00 Golf View Trail|Glendale|Arizona|85311
424|Annmarie|Ivanshintsev|aivanshintsevbr@cisco.com|Female|959 Bunker Hill Avenue|Chicago|Illinois|60604
425|Trudy|Stonary|tstonarybs@geocities.jp|Female|30 Hauk Lane|Jamaica|New York|11431
426|Hilda|Flintoff|hflintoffbt@4shared.com|Female|9 Dunning Street|Hagerstown|Maryland|21747
427|Fancie|Chester|fchesterbu@typepad.com|Female|73057 Luster Trail|Wilkes Barre|Pennsylvania|18763
428|Merline|Pudsall|mpudsallbv@nature.com|Female|72 Aberg Pass|Chicago|Illinois|60669
429|Lilyan|Lanaway|llanawaybw@cornell.edu|Female|50454 Annamark Lane|New Orleans|Louisiana|70174
430|Giordano|Kapelhof|gkapelhofbx@cbsnews.com|Male|0279 Roth Road|Greensboro|North Carolina|27415
431|Ginevra|Stockow|gstockowby@parallels.com|Female|683 Lien Drive|Stockton|California|95205
432|Casey|McCathay|cmccathaybz@economist.com|Female|517 Fallview Plaza|West Palm Beach|Florida|33416
433|Keir|Ashburner|kashburnerc0@smugmug.com|Male|1061 Bultman Road|Detroit|Michigan|48232
434|Gardner|Adriaens|gadriaensc1@goo.gl|Male|531 Delaware Terrace|Pensacola|Florida|32511
435|Kurt|Hovy|khovyc2@live.com|Male|0870 Eastlawn Junction|El Paso|Texas|79923
436|Barbra|Hollyman|bhollymanc3@weebly.com|Female|0281 Merry Trail|Jeffersonville|Indiana|47134
437|Keenan|Whyard|kwhyardc4@nifty.com|Male|67 Anhalt Drive|New York City|New York|10150
438|Obadiah|Labern|olabernc5@phoca.cz|Male|19 Spohn Pass|Young America|Minnesota|55573
439|Prudi|Valenti|pvalentic6@ox.ac.uk|Female|2984 Kropf Junction|Springfield|Virginia|22156
440|Roanna|Lowin|rlowinc7@webs.com|Female|7 Spaight Hill|Portland|Oregon|97240
441|Panchito|Springall|pspringallc8@hp.com|Male|9 Anhalt Center|Austin|Texas|78703
442|Stearne|Sigg|ssiggc9@mozilla.com|Male|2 Blaine Lane|Phoenix|Arizona|85040
443|Alphard|Torpie|atorpieca@histats.com|Male|35 Golf View Crossing|Miami|Florida|33111
444|Beverlee|Cunliffe|bcunliffecb@google.com.au|Female|1 Oxford Pass|Tacoma|Washington|98442
445|Brady|Geane|bgeanecc@facebook.com|Male|04813 Waubesa Court|Topeka|Kansas|66611
446|Lilllie|Snoddy|lsnoddycd@paginegialle.it|Female|18007 Holy Cross Avenue|Baltimore|Maryland|21229
447|Fidel|Tapscott|ftapscottce@paypal.com|Male|988 Hoard Hill|Flushing|New York|11355
448|Millie|Penning|mpenningcf@ocn.ne.jp|Female|5 Sommers Drive|Buffalo|New York|14215
449|Hubey|Renals|hrenalscg@instagram.com|Male|16981 Mcguire Center|Jamaica|New York|11436
450|Nye|Sundin|nsundinch@photobucket.com|Male|09 Mallard Court|Pasadena|California|91103
451|Aveline|Corck|acorckci@skype.com|Female|8979 Arizona Street|Columbus|Ohio|43220
452|Chic|Endersby|cendersbycj@ovh.net|Male|3 Talmadge Place|Honolulu|Hawaii|96835
453|Johna|Balas|jbalasck@bloglovin.com|Female|2 Nancy Lane|Grand Rapids|Michigan|49505
454|Vinnie|Vidloc|vvidloccl@example.com|Male|4046 Lakewood Way|Bloomington|Indiana|47405
455|Hayward|Ramalhete|hramalhetecm@vk.com|Male|0 Larry Parkway|Washington|District of Columbia|20041
456|Charmaine|Plail|cplailcn@friendfeed.com|Female|52312 Kingsford Road|Austin|Texas|78778
457|Blair|Baccas|bbaccasco@vistaprint.com|Male|87478 Mitchell Junction|Washington|District of Columbia|20535
458|Consuelo|Roomes|croomescp@hao123.com|Female|01248 Eliot Way|Los Angeles|California|90030
459|Kris|Sergant|ksergantcq@skype.com|Female|2827 Myrtle Lane|Frederick|Maryland|21705
460|Shae|Bassilashvili|sbassilashvilicr@e-recht24.de|Male|10 Maryland Place|Melbourne|Florida|32919
461|Melva|Coldtart|mcoldtartcs@arizona.edu|Female|556 Nelson Circle|Cincinnati|Ohio|45223
462|Matilda|Husset|mhussetct@craigslist.org|Female|44397 Dwight Park|Memphis|Tennessee|38114
463|Cyrus|Roches|crochescu@wordpress.com|Male|574 Burrows Hill|Dallas|Texas|75260
464|Claire|Bantick|cbantickcv@drupal.org|Female|6262 Gina Drive|Miami|Florida|33169
465|Tome|Kinloch|tkinlochcw@ftc.gov|Male|49443 Arrowood Plaza|Fort Myers|Florida|33913
466|Stanly|Letterick|sletterickcx@issuu.com|Male|319 High Crossing Parkway|Minneapolis|Minnesota|55470
467|Sheffie|Roseblade|srosebladecy@dyndns.org|Male|96 Sage Drive|Las Vegas|Nevada|89150
468|Mirelle|Berre|mberrecz@aol.com|Female|276 Starling Park|Pueblo|Colorado|81010
469|Bar|Tredinnick|btredinnickd0@dedecms.com|Male|042 Valley Edge Pass|Atlanta|Georgia|30316
470|Fionnula|Bowie|fbowied1@biglobe.ne.jp|Female|821 Glendale Terrace|Washington|District of Columbia|20319
471|Lou|Brixham|lbrixhamd2@oakley.com|Male|8288 Warner Crossing|Kent|Washington|98042
472|Amara|Bunclark|abunclarkd3@google.co.uk|Female|06718 Lukken Place|Grand Rapids|Michigan|49510
473|Cathyleen|Glencorse|cglencorsed4@cmu.edu|Female|3 Bultman Crossing|Oklahoma City|Oklahoma|73142
474|Tabina|Swaile|tswailed5@symantec.com|Female|44007 Hallows Junction|San Diego|California|92121
475|Cyndie|Belbin|cbelbind6@reuters.com|Female|538 John Wall Alley|Knoxville|Tennessee|37924
476|Brodie|Crepel|bcrepeld7@cbslocal.com|Male|7932 Warner Point|Richmond|Virginia|23277
477|Jimmie|Itzcak|jitzcakd8@indiegogo.com|Male|2100 Gerald Terrace|Evansville|Indiana|47712
478|Demetra|Grisley|dgrisleyd9@addtoany.com|Female|38992 Sycamore Terrace|Sioux City|Iowa|51110
479|Elaina|Glaze|eglazeda@hexun.com|Female|772 Buena Vista Way|Seattle|Washington|98166
480|Celia|Tucsell|ctucselldb@drupal.org|Female|62 South Road|Mountain View|California|94042
481|Roosevelt|Manley|rmanleydc@prlog.org|Male|8235 Oak Valley Trail|New Orleans|Louisiana|70116
482|Rosemonde|Devin|rdevindd@hexun.com|Female|59086 Pennsylvania Pass|El Paso|Texas|88535
483|Aguie|Rowles|arowlesde@liveinternet.ru|Male|24 Onsgard Hill|Washington|District of Columbia|20022
484|Tadeas|Kop|tkopdf@psu.edu|Male|57145 Fieldstone Park|Little Rock|Arkansas|72215
485|Perry|Straneo|pstraneodg@instagram.com|Male|4241 Gerald Drive|Reading|Pennsylvania|19605
486|Nata|Ceely|nceelydh@blogtalkradio.com|Female|27083 Kennedy Pass|Miami|Florida|33124
487|Lev|Sedman|lsedmandi@zdnet.com|Male|7352 Mayfield Road|New York City|New York|10115
488|Yale|Blowes|yblowesdj@boston.com|Male|79931 Acker Plaza|Boise|Idaho|83757
489|Forster|Winspire|fwinspiredk@dmoz.org|Male|845 Vahlen Street|Santa Ana|California|92705
490|Enrico|McCook|emccookdl@weather.com|Male|8428 Golf Alley|Amarillo|Texas|79176
491|Emyle|Eakley|eeakleydm@sciencedaily.com|Female|55912 8th Crossing|Baton Rouge|Louisiana|70805
492|Fionnula|Dundridge|fdundridgedn@cdbaby.com|Female|72 Lyons Terrace|Richmond|Virginia|23220
493|Eberhard|Domerc|edomercdo@bloomberg.com|Male|962 Dakota Avenue|Charleston|South Carolina|29403
494|Jonell|Rounsefull|jrounsefulldp@japanpost.jp|Female|2762 Almo Court|Charlottesville|Virginia|22903
495|Theodore|Pennino|tpenninodq@imageshack.us|Male|26 Drewry Avenue|Fort Wayne|Indiana|46852
496|Natty|Messam|nmessamdr@creativecommons.org|Female|88 Washington Park|Saint Petersburg|Florida|33705
497|Ailbert|Garrand|agarrandds@admin.ch|Male|14916 Basil Parkway|Glendale|California|91210
498|Arlen|Franzke|afranzkedt@pbs.org|Male|11 Dennis Terrace|Indianapolis|Indiana|46231
499|Carolann|McBay|cmcbaydu@globo.com|Female|1896 Golf Course Circle|New York City|New York|10029
500|Jeanette|Fury|jfurydv@live.com|Female|43 Dixon Way|Amarillo|Texas|79182
501|Genevieve|Aronstein|garonsteindw@linkedin.com|Female|90226 Hallows Place|Pensacola|Florida|32526
502|Kathrine|Greenshiels|kgreenshielsdx@prweb.com|Female|265 Manufacturers Pass|Daytona Beach|Florida|32123
503|Abbot|Lusgdin|alusgdindy@princeton.edu|Male|490 Corry Crossing|Bronx|New York|10464
504|Chanda|Thornhill|cthornhilldz@springer.com|Female|492 Bashford Road|El Paso|Texas|79934
505|Ulrick|Pomfrey|upomfreye0@forbes.com|Male|7 Lakewood Alley|Dayton|Ohio|45408
506|Fancie|Baline|fbalinee1@go.com|Female|054 Surrey Park|Lakewood|Washington|98498
507|Gan|Creber|gcrebere2@army.mil|Male|69 Magdeline Street|Fresno|California|93750
508|Heather|Leece|hleecee3@qq.com|Female|599 Surrey Junction|Jamaica|New York|11436
509|Whitney|Stalley|wstalleye4@google.cn|Female|71634 Elmside Pass|San Bernardino|California|92410
510|Norry|Wofenden|nwofendene5@phpbb.com|Male|2 Sunfield Way|Pasadena|California|91117
511|Cosetta|Wherrett|cwherrette6@altervista.org|Female|47334 3rd Pass|New York City|New York|10009
512|Liliane|Iianon|liianone7@tripadvisor.com|Female|82741 Golden Leaf Place|Austin|Texas|78715
513|Sinclare|Auckland|saucklande8@networkadvertising.org|Male|432 Paget Way|Pittsburgh|Pennsylvania|15274
514|Garrot|D'Alessandro|gdalessandroe9@dmoz.org|Male|144 Moose Lane|Grand Junction|Colorado|81505
515|Stanwood|Hannaby|shannabyea@merriam-webster.com|Male|7472 Northland Trail|Louisville|Kentucky|40210
516|Lila|Bockings|lbockingseb@imageshack.us|Female|87 Sheridan Court|New York City|New York|10155
517|Othello|Blackeby|oblackebyec@mail.ru|Male|8639 Katie Junction|Elizabeth|New Jersey|07208
518|Lori|Picker|lpickered@google.cn|Female|49276 Hintze Place|Wilmington|Delaware|19810
519|Ninette|Knifton|nkniftonee@acquirethisname.com|Female|54 Beilfuss Parkway|New Orleans|Louisiana|70179
520|Rozella|Gorner|rgorneref@apple.com|Female|3477 Sycamore Parkway|Atlanta|Georgia|30375
521|Oates|Micheli|omichelieg@salon.com|Male|3298 Dunning Trail|Dayton|Ohio|45470
522|Konstanze|Brixey|kbrixeyeh@usatoday.com|Female|75 Prairie Rose Plaza|Bakersfield|California|93311
523|Dixie|Jeandillou|djeandillouei@a8.net|Female|088 Raven Park|Ann Arbor|Michigan|48107
524|Margery|Kellard|mkellardej@elegantthemes.com|Female|3012 Hansons Alley|Los Angeles|California|90040
525|Hillie|O'Towey|hotoweyek@google.es|Male|87 Kings Terrace|Saint Paul|Minnesota|55172
526|Stanfield|Beades|sbeadesel@printfriendly.com|Male|35469 Dixon Way|Albuquerque|New Mexico|87201
527|Nicoline|Delafoy|ndelafoyem@hc360.com|Female|7067 Coleman Plaza|Sacramento|California|94297
528|Lief|Annetts|lannettsen@google.it|Male|4 Fulton Crossing|Kansas City|Kansas|66112
529|Roosevelt|O'Driscoll|rodriscolleo@chronoengine.com|Male|9 Summer Ridge Way|Richmond|Virginia|23285
530|Bettye|Alexandersson|balexanderssonep@state.gov|Female|7099 Quincy Road|Fresno|California|93740
531|Andy|Nelsey|anelseyeq@china.com.cn|Male|72 Magdeline Crossing|Evansville|Indiana|47705
532|Jyoti|Longcake|jlongcakeer@sourceforge.net|Female|43824 Hudson Street|Denver|Colorado|80243
533|Corine|Pude|cpudees@plala.or.jp|Female|2523 Derek Junction|San Jose|California|95133
534|Gustaf|Lethlay|glethlayet@addtoany.com|Male|327 Hanover Street|Mesquite|Texas|75185
535|Helenka|Hatton|hhattoneu@jugem.jp|Female|0 Bluejay Pass|Hartford|Connecticut|06140
536|Vinny|Patrone|vpatroneev@wordpress.com|Female|571 Elmside Road|Worcester|Massachusetts|01605
537|Freedman|Stringman|fstringmanew@feedburner.com|Male|7 8th Drive|Madison|Wisconsin|53790
538|Clyve|Di Carli|cdicarliex@prnewswire.com|Male|71 Merrick Lane|Waltham|Massachusetts|02453
539|Fletcher|Weatherby|fweatherbyey@loc.gov|Male|499 Meadow Valley Drive|Fort Collins|Colorado|80525
540|Sasha|Klaaassen|sklaaassenez@nhs.uk|Female|2 Hintze Trail|Pocatello|Idaho|83206
541|Matthiew|Liversedge|mliversedgef0@netlog.com|Male|88 Corben Point|San Jose|California|95108
542|Anthiathia|Heiner|aheinerf1@illinois.edu|Female|17 Warbler Alley|Sacramento|California|94286
543|Gage|Blaksley|gblaksleyf2@blogtalkradio.com|Male|17684 Sauthoff Parkway|Bridgeport|Connecticut|06606
544|Cello|Balogh|cbaloghf3@house.gov|Male|38784 Sloan Hill|Sacramento|California|94237
545|Leonora|Wilshaw|lwilshawf4@kickstarter.com|Female|044 Northridge Point|Detroit|Michigan|48267
546|Alvis|Scarlan|ascarlanf5@usa.gov|Male|98244 Eastlawn Avenue|Chicago|Illinois|60652
547|Niven|MacEnelly|nmacenellyf6@odnoklassniki.ru|Male|1098 3rd Court|Spokane|Washington|99215
548|Elsbeth|Edmondson|eedmondsonf7@tmall.com|Female|84625 Park Meadow Street|Corpus Christi|Texas|78426
549|Courtnay|Swayton|cswaytonf8@patch.com|Female|2313 Dexter Circle|New York City|New York|10019
550|Gerrie|Dublin|gdublinf9@paypal.com|Female|70894 Union Terrace|Grand Rapids|Michigan|49544
551|Ferd|Floyd|ffloydfa@admin.ch|Male|47895 Little Fleur Pass|Chicago|Illinois|60646
552|Hilario|Whittock|hwhittockfb@biglobe.ne.jp|Male|644 Victoria Avenue|Washington|District of Columbia|20535
553|Hayes|Dunlea|hdunleafc@apple.com|Male|2 Summer Ridge Way|Winston Salem|North Carolina|27105
554|Faustine|Conen|fconenfd@github.com|Female|41 Westend Trail|New Orleans|Louisiana|70116
555|Zola|Cutford|zcutfordfe@bing.com|Female|52297 Becker Park|Melbourne|Florida|32919
556|Clayton|Goodsall|cgoodsallff@naver.com|Male|767 Rutledge Point|Trenton|New Jersey|08695
557|Gilli|Ackland|gacklandfg@google.pl|Female|9151 Oak Center|Cumming|Georgia|30130
558|Daffi|Ray|drayfh@youtube.com|Female|8496 Banding Plaza|Sioux Falls|South Dakota|57193
559|Cozmo|Izak|cizakfi@diigo.com|Male|58853 Shelley Road|Denton|Texas|76210
560|Emilio|Graith|egraithfj@telegraph.co.uk|Male|683 Killdeer Alley|Tampa|Florida|33615
561|Trixi|Thomazet|tthomazetfk@yahoo.co.jp|Female|860 Cascade Road|Denver|Colorado|80270
562|Letti|Fforde|lffordefl@elpais.com|Female|658 Mallard Parkway|Rochester|New York|14614
563|Katharina|Papa|kpapafm@usgs.gov|Female|026 Bunker Hill Lane|Charlotte|North Carolina|28299
564|Hy|La Rosa|hlarosafn@tripadvisor.com|Male|09 Barby Pass|Tampa|Florida|33661
565|Ange|Cator|acatorfo@guardian.co.uk|Male|56 Porter Alley|Philadelphia|Pennsylvania|19125
566|Kyle|Micco|kmiccofp@mit.edu|Male|109 Corry Junction|Tuscaloosa|Alabama|35487
567|Jeno|Colnett|jcolnettfq@1688.com|Male|0 Prairieview Alley|Detroit|Michigan|48224
568|Keenan|Vasler|kvaslerfr@gravatar.com|Male|46 Shelley Way|Houston|Texas|77218
569|Melesa|Dineen|mdineenfs@ifeng.com|Female|55840 Cottonwood Place|Wichita|Kansas|67210
570|Caritta|Cockaday|ccockadayft@seattletimes.com|Female|95361 Loeprich Court|Petaluma|California|94975
571|Trumaine|Le Clercq|tleclercqfu@webmd.com|Male|671 Marquette Avenue|Lafayette|Indiana|47905
572|Ritchie|Mastrantone|rmastrantonefv@nature.com|Male|3756 Cody Parkway|Stockton|California|95298
573|Karlyn|Hebborn|khebbornfw@vimeo.com|Female|05 Hovde Center|Southfield|Michigan|48076
574|Cyrus|Gourlie|cgourliefx@ebay.com|Male|84869 Dovetail Circle|Lincoln|Nebraska|68524
575|Cynthia|Van Hault|cvanhaultfy@123-reg.co.uk|Female|83 Anzinger Center|Corpus Christi|Texas|78426
576|Oneida|Athy|oathyfz@mac.com|Female|2 Melvin Drive|Kansas City|Missouri|64114
577|Cecil|Fredi|cfredig0@stumbleupon.com|Male|51334 Anniversary Road|Bozeman|Montana|59771
578|Teirtza|Yewman|tyewmang1@state.tx.us|Female|10 Raven Center|Shreveport|Louisiana|71137
579|Normand|Thorby|nthorbyg2@cmu.edu|Male|9 Sycamore Center|Glendale|California|91205
580|Betty|Frill|bfrillg3@marriott.com|Female|03969 Sycamore Parkway|Springfield|Illinois|62723
581|Kent|Ramey|krameyg4@senate.gov|Male|271 Esch Junction|Oklahoma City|Oklahoma|73135
582|Elia|Metzig|emetzigg5@sakura.ne.jp|Male|9 Tennessee Junction|Salt Lake City|Utah|84120
583|Ermanno|Presman|epresmang6@hugedomains.com|Male|8228 Helena Lane|Washington|District of Columbia|20062
584|Conchita|Birwhistle|cbirwhistleg7@psu.edu|Female|37 Kings Place|Waterbury|Connecticut|06726
585|Carla|Maddinon|cmaddinong8@usgs.gov|Female|5 Red Cloud Lane|Chicago|Illinois|60609
586|Adams|Jodrellec|ajodrellecg9@hubpages.com|Male|18 Service Place|Chicago|Illinois|60609
587|Carleton|Longina|clonginaga@unicef.org|Male|371 Lukken Drive|Tulsa|Oklahoma|74116
588|Clint|Mellsop|cmellsopgb@wikia.com|Male|0813 Dawn Pass|Albuquerque|New Mexico|87180
589|Cortney|Culy|cculygc@smh.com.au|Female|4 Farragut Alley|Charlotte|North Carolina|28247
590|Dominick|Elsegood|delsegoodgd@netlog.com|Male|6240 Northfield Junction|Florence|South Carolina|29505
591|Konstantin|Woollin|kwoollinge@networksolutions.com|Male|7 Dorton Place|Birmingham|Alabama|35231
592|Elladine|Erat|eeratgf@va.gov|Female|038 Rockefeller Trail|Marietta|Georgia|30061
593|Rog|Whitwam|rwhitwamgg@accuweather.com|Male|94512 Nova Terrace|Jacksonville|Florida|32204
594|Mahala|Audrey|maudreygh@reuters.com|Female|932 Chinook Park|Topeka|Kansas|66617
595|Lotty|Tooze|ltoozegi@vistaprint.com|Female|09 Lakewood Alley|Levittown|Pennsylvania|19058
596|Theresita|Caudle|tcaudlegj@google.co.jp|Female|62 Pine View Center|Baton Rouge|Louisiana|70805
597|Lombard|Suero|lsuerogk@google.es|Male|83127 Browning Circle|Bakersfield|California|93386
598|Wallis|Kleynermans|wkleynermansgl@youtu.be|Male|6730 Rockefeller Center|Madison|Wisconsin|53726
599|Helsa|Studdeard|hstuddeardgm@wix.com|Female|6 Merry Trail|Dallas|Texas|75277
600|Pierrette|Allain|pallaingn@yandex.ru|Female|0 Hooker Pass|Brooklyn|New York|11215
601|Martie|Isham|mishamgo@reference.com|Male|72687 2nd Trail|Grand Rapids|Michigan|49510
602|Ado|Adriaens|aadriaensgp@tinyurl.com|Male|343 Division Street|Chicago|Illinois|60669
603|Tom|Degan|tdegangq@imgur.com|Male|716 Oxford Trail|Miami|Florida|33129
604|Alyda|Beisley|abeisleygr@csmonitor.com|Female|2504 Hermina Court|Des Moines|Iowa|50369
605|Lenora|Pedder|lpeddergs@canalblog.com|Female|864 Amoth Place|Waco|Texas|76711
606|Stacy|Cardno|scardnogt@rediff.com|Male|39899 Hallows Place|Odessa|Texas|79769
607|Vite|Trytsman|vtrytsmangu@kickstarter.com|Male|96 Merchant Lane|Trenton|New Jersey|08619
608|Chase|Paulot|cpaulotgv@wufoo.com|Male|0144 Darwin Lane|Tyler|Texas|75710
609|North|Filipovic|nfilipovicgw@meetup.com|Male|3316 Carioca Parkway|Tucson|Arizona|85743
610|Berti|Flowith|bflowithgx@whitehouse.gov|Female|92 Bluestem Way|Albany|New York|12210
611|Crawford|Cornillot|ccornillotgy@zdnet.com|Male|2331 Fremont Point|Reno|Nevada|89519
612|Fowler|Jillett|fjillettgz@cbslocal.com|Male|2531 Farragut Way|Spring|Texas|77386
613|Casandra|Pollendine|cpollendineh0@imdb.com|Female|87406 Blackbird Hill|Denver|Colorado|80204
614|Puff|Luckes|pluckesh1@livejournal.com|Male|1 Magdeline Trail|Louisville|Kentucky|40215
615|Mohammed|Sandham|msandhamh2@blinklist.com|Male|3 Onsgard Avenue|Philadelphia|Pennsylvania|19178
616|Job|Jedrzejczak|jjedrzejczakh3@theguardian.com|Male|3 Jenna Pass|Indianapolis|Indiana|46254
617|Yulma|Bonnor|ybonnorh4@slashdot.org|Male|7 Summerview Street|Indianapolis|Indiana|46231
618|Fernanda|France|ffranceh5@icio.us|Female|71 Lillian Terrace|Apache Junction|Arizona|85219
619|Patrice|Kearton|pkeartonh6@ow.ly|Female|8986 Farragut Center|San Antonio|Texas|78240
620|Stillmann|Schurig|sschurigh7@ask.com|Male|6552 Bluejay Avenue|Washington|District of Columbia|20215
621|Jacinthe|Gammet|jgammeth8@google.com.au|Female|8 Debs Plaza|Vancouver|Washington|98687
622|Sal|Barrable|sbarrableh9@chronoengine.com|Male|468 Mccormick Alley|Spring|Texas|77388
623|Jessamine|Lebrun|jlebrunha@weibo.com|Female|97 Vermont Plaza|Washington|District of Columbia|20078
624|Vinny|Molohan|vmolohanhb@webs.com|Female|701 Ilene Point|Rochester|New York|14683
625|Skipp|Hollingby|shollingbyhc@technorati.com|Male|72691 Moose Alley|Baltimore|Maryland|21265
626|Norine|Duinkerk|nduinkerkhd@boston.com|Female|69 Dapin Road|Washington|District of Columbia|20337
627|Spense|Collie|scolliehe@reuters.com|Male|04431 Walton Avenue|Minneapolis|Minnesota|55417
628|Eldon|Medlar|emedlarhf@examiner.com|Male|5430 Dexter Road|New York City|New York|10184
629|Harbert|Hazell|hhazellhg@list-manage.com|Male|7607 Green Ridge Way|Henderson|Nevada|89012
630|Bink|Borthram|bborthramhh@go.com|Male|298 Hermina Circle|Huntington|West Virginia|25726
631|Roslyn|Dibdin|rdibdinhi@home.pl|Female|6 Commercial Point|Louisville|Kentucky|40287
632|Fulvia|Weben|fwebenhj@creativecommons.org|Female|6 Warrior Pass|Lima|Ohio|45807
633|Carey|Liff|cliffhk@answers.com|Male|4799 Hoffman Circle|Chicago|Illinois|60646
634|Kathi|Kuban|kkubanhl@google.cn|Female|14756 Bayside Alley|Pompano Beach|Florida|33075
635|Gal|Syde|gsydehm@virginia.edu|Male|67250 Spaight Trail|Arlington|Texas|76004
636|Dayle|Whitwham|dwhitwhamhn@mozilla.org|Female|17163 Heffernan Pass|Philadelphia|Pennsylvania|19109
637|Jeanna|Nitto|jnittoho@jiathis.com|Female|516 Clove Junction|Toledo|Ohio|43666
638|Bessie|Pearsall|bpearsallhp@fotki.com|Female|40007 Amoth Terrace|Naperville|Illinois|60567
639|Frederic|Hawkins|fhawkinshq@unicef.org|Male|87980 Laurel Plaza|San Jose|California|95113
640|Patty|Sword|pswordhr@moonfruit.com|Male|8330 Spohn Trail|Anchorage|Alaska|99507
641|Linette|Vaneschi|lvaneschihs@usgs.gov|Female|19 Waxwing Parkway|New Orleans|Louisiana|70174
642|Poul|O'Connell|poconnellht@ed.gov|Male|95140 Mcguire Hill|Washington|District of Columbia|20414
643|Athene|Cosson|acossonhu@com.com|Female|15829 Kedzie Lane|Kansas City|Missouri|64153
644|Keelia|Fishe|kfishehv@g.co|Female|87 Jay Road|Lancaster|Pennsylvania|17605
645|Kahlil|Cantopher|kcantopherhw@xing.com|Male|15 Northport Junction|Florence|South Carolina|29505
646|Sterne|Garwood|sgarwoodhx@ycombinator.com|Male|00 Sheridan Drive|Gilbert|Arizona|85297
647|Zorina|Starzaker|zstarzakerhy@time.com|Female|576 Spohn Circle|Round Rock|Texas|78682
648|Josefa|Glaysher|jglaysherhz@w3.org|Female|2749 Delladonna Place|El Paso|Texas|88563
649|Abbey|Caban|acabani0@biblegateway.com|Male|934 Nevada Parkway|Orlando|Florida|32854
650|Cathlene|Beacroft|cbeacrofti1@seesaa.net|Female|17738 Declaration Court|Saint Paul|Minnesota|55127
651|Mirna|Tesyro|mtesyroi2@bloglovin.com|Female|77147 Darwin Way|Charleston|West Virginia|25356
652|Zared|Van Merwe|zvanmerwei3@craigslist.org|Male|46 Sommers Alley|Tucson|Arizona|85748
653|Garrik|Akrigg|gakriggi4@phpbb.com|Male|94212 Warrior Court|New Orleans|Louisiana|70183
654|Marcello|Blagden|mblagdeni5@blog.com|Male|5 Hoard Drive|Crawfordsville|Indiana|47937
655|Betty|Tunney|btunneyi6@disqus.com|Female|84 Sullivan Circle|Irvine|California|92710
656|Findley|Muggleton|fmuggletoni7@taobao.com|Male|6 Boyd Junction|Chicago|Illinois|60604
657|Michale|Langlais|mlanglaisi8@google.co.uk|Male|19971 West Center|Wichita|Kansas|67220
658|Ezequiel|Duny|edunyi9@nationalgeographic.com|Male|320 Vidon Way|Salt Lake City|Utah|84130
659|Perry|Rodrigo|prodrigoia@istockphoto.com|Female|66 Birchwood Pass|Columbia|South Carolina|29240
660|Rainer|Abramski|rabramskiib@ocn.ne.jp|Male|80988 Anthes Junction|Raleigh|North Carolina|27690
661|Ichabod|Bache|ibacheic@pinterest.com|Male|9204 Waubesa Plaza|Chesapeake|Virginia|23324
662|Christine|Cudworth|ccudworthid@rediff.com|Female|90753 Talmadge Drive|Boulder|Colorado|80310
663|Glenn|Pavkovic|gpavkovicie@imageshack.us|Female|97 Pine View Trail|El Paso|Texas|88535
664|Julita|Langthorn|jlangthornif@nbcnews.com|Female|69 Jenna Lane|Santa Clara|California|95054
665|Betteanne|Burrage|bburrageig@youtube.com|Female|25280 Harbort Road|Beaufort|South Carolina|29905
666|Rachael|Wyllie|rwyllieih@xrea.com|Female|63869 Grasskamp Lane|Seattle|Washington|98109
667|Trip|Doel|tdoelii@auda.org.au|Male|8 Mifflin Center|Salt Lake City|Utah|84115
668|Stanislaus|Glasser|sglasserij@instagram.com|Male|04961 Iowa Alley|Los Angeles|California|90050
669|Janot|D'Ambrogio|jdambrogioik@google.com|Female|8 Mariners Cove Hill|Santa Fe|New Mexico|87505
670|Garv|Tranfield|gtranfieldil@shareasale.com|Male|558 Eastwood Street|Gainesville|Florida|32627
671|Tris|Leipnik|tleipnikim@yale.edu|Male|437 Pearson Pass|Dallas|Texas|75221
672|Erinna|Andreuzzi|eandreuzziin@indiatimes.com|Female|99 Green Lane|Marietta|Georgia|30061
673|Aloysius|Muncie|amuncieio@phpbb.com|Male|3757 Bartillon Point|Los Angeles|California|90081
674|Wallis|Jenckes|wjenckesip@xinhuanet.com|Male|85 Morning Point|Chattanooga|Tennessee|37416
675|Lonnard|Fry|lfryiq@instagram.com|Male|64515 Pond Court|Washington|District of Columbia|20425
676|Nathaniel|Gwinnett|ngwinnettir@un.org|Male|43206 Ridgeview Way|Las Vegas|Nevada|89155
677|Son|Aizikowitz|saizikowitzis@answers.com|Male|48 Kedzie Junction|Austin|Texas|78732
678|Grenville|Pawling|gpawlingit@pen.io|Male|26 Fisk Point|Atlanta|Georgia|30311
679|Fiorenze|Bacon|fbaconiu@bing.com|Female|0 Calypso Way|Seattle|Washington|98127
680|Eulalie|Shillinglaw|eshillinglawiv@smugmug.com|Female|52720 Lighthouse Bay Street|Jacksonville|Florida|32259
681|Mariellen|Bowell|mbowelliw@slashdot.org|Female|59299 Fallview Court|Denver|Colorado|80223
682|Leigh|Killingbeck|lkillingbeckix@chicagotribune.com|Male|291 Nancy Drive|Portland|Oregon|97232
683|Haskel|Tiernan|htiernaniy@goodreads.com|Male|320 Luster Drive|Austin|Texas|78754
684|Caresse|Ikins|cikinsiz@topsy.com|Female|46 Marcy Hill|Roanoke|Virginia|24004
685|Andre|Bottlestone|abottlestonej0@yellowpages.com|Male|7773 Cardinal Court|Billings|Montana|59105
686|Conrado|Scurfield|cscurfieldj1@google.co.uk|Male|3897 Delladonna Lane|Washington|District of Columbia|20041
687|Brittany|Guirardin|bguirardinj2@lulu.com|Female|72 Sachs Park|Austin|Texas|78764
688|Gerrard|Ferns|gfernsj3@paypal.com|Male|143 Cambridge Parkway|Denver|Colorado|80235
689|Raf|Cockin|rcockinj4@a8.net|Female|906 Evergreen Circle|North Little Rock|Arkansas|72118
690|Rocky|Bartens|rbartensj5@wikipedia.org|Male|33399 Ilene Way|Berkeley|California|94705
691|Gabriela|Burdus|gburdusj6@booking.com|Female|957 Thierer Court|Myrtle Beach|South Carolina|29579
692|Freeman|Barroux|fbarrouxj7@hostgator.com|Male|6518 Pawling Drive|Frederick|Maryland|21705
693|Donetta|Fluger|dflugerj8@youtube.com|Female|69 Clemons Avenue|Tallahassee|Florida|32304
694|Colver|Stedell|cstedellj9@vkontakte.ru|Male|24 Schlimgen Alley|Sioux Falls|South Dakota|57105
695|Jess|Pereira|jpereiraja@bizjournals.com|Male|695 Dayton Park|Huntsville|Alabama|35810
696|Norean|Leisman|nleismanjb@ox.ac.uk|Female|3002 Macpherson Circle|College Station|Texas|77844
697|Mikol|Mustchin|mmustchinjc@usatoday.com|Male|4 Randy Junction|Newark|New Jersey|07195
698|Ulrich|Venus|uvenusjd@youku.com|Male|82 Comanche Circle|Boulder|Colorado|80305
699|Mitchell|Perrat|mperratje@howstuffworks.com|Male|64 Evergreen Road|Des Moines|Iowa|50362
700|Marylin|Hedon|mhedonjf@4shared.com|Female|2 Summerview Court|Decatur|Georgia|30089
701|Jeno|Worsfold|jworsfoldjg@nydailynews.com|Male|72 West Place|Northridge|California|91328
702|Pamela|Hardage|phardagejh@geocities.com|Female|352 Lighthouse Bay Parkway|Austin|Texas|78726
703|Burton|Toffanelli|btoffanelliji@who.int|Male|49266 Surrey Pass|Colorado Springs|Colorado|80935
704|Hortense|Wimpenny|hwimpennyjj@bloglovin.com|Female|85 Maple Wood Drive|Phoenix|Arizona|85025
705|Jacquelynn|Latimer|jlatimerjk@technorati.com|Female|4685 Weeping Birch Center|Montpelier|Vermont|05609
706|Vevay|Lightwood|vlightwoodjl@google.pl|Female|113 Porter Place|Tacoma|Washington|98411
707|Darb|Brusle|dbruslejm@webs.com|Female|633 Express Plaza|Shawnee Mission|Kansas|66220
708|Olga|Bowgen|obowgenjn@nih.gov|Female|837 Farwell Drive|Columbus|Georgia|31904
709|Melonie|Paulus|mpaulusjo@aol.com|Female|83514 Superior Road|Milwaukee|Wisconsin|53277
710|Teddy|Kaesmakers|tkaesmakersjp@hibu.com|Male|219 Dennis Crossing|Brooklyn|New York|11225
711|Basil|Rozier|brozierjq@pen.io|Male|974 Anzinger Place|Ocala|Florida|34479
712|Billye|Pincott|bpincottjr@printfriendly.com|Female|33 Hagan Avenue|Atlanta|Georgia|30356
713|Gianina|Birdfield|gbirdfieldjs@yahoo.com|Female|58847 Lillian Avenue|San Antonio|Texas|78220
714|Clemmie|Le Fleming|cleflemingjt@digg.com|Male|11 Anzinger Trail|Gilbert|Arizona|85297
715|Carolynn|Sans|csansju@usnews.com|Female|2518 Pawling Trail|Chicago|Illinois|60636
716|Avictor|Blythe|ablythejv@va.gov|Male|0320 Sauthoff Crossing|Crawfordsville|Indiana|47937
717|Consolata|Stoakley|cstoakleyjw@zimbio.com|Female|9898 Linden Parkway|Shawnee Mission|Kansas|66225
718|Brent|Potell|bpotelljx@bravesites.com|Male|031 Crownhardt Park|Canton|Ohio|44710
719|Alena|Fayers|afayersjy@netscape.com|Female|6560 Heffernan Trail|Peoria|Illinois|61651
720|Cole|Paddeley|cpaddeleyjz@dagondesign.com|Male|9 Manley Terrace|Boise|Idaho|83705
721|Andreana|MacIlhargy|amacilhargyk0@sakura.ne.jp|Female|335 Lakewood Gardens Way|San Francisco|California|94142
722|Eada|Dunsford|edunsfordk1@spotify.com|Female|1 South Terrace|Irvine|California|92710
723|Charlena|Darycott|cdarycottk2@oracle.com|Female|212 American Circle|Myrtle Beach|South Carolina|29579
724|Walt|Coulton|wcoultonk3@amazon.co.jp|Male|29889 Old Shore Street|Sacramento|California|94297
725|Tye|Sunnucks|tsunnucksk4@diigo.com|Male|38591 Manufacturers Crossing|Columbus|Georgia|31904
726|Marybelle|Baribal|mbaribalk5@howstuffworks.com|Female|53918 Summit Point|Olympia|Washington|98516
727|Gilburt|Bastow|gbastowk6@yale.edu|Male|2062 Nelson Alley|Norman|Oklahoma|73071
728|Hermine|O'Reilly|horeillyk7@ca.gov|Female|495 Lillian Parkway|Saint Paul|Minnesota|55188
729|Kory|Allewell|kallewellk8@paypal.com|Male|6 Main Crossing|Columbus|Ohio|43215
730|Pierson|Marston|pmarstonk9@youku.com|Male|1 Truax Lane|Tuscaloosa|Alabama|35487
731|Brande|Keson|bkesonka@tamu.edu|Female|9900 Pankratz Park|Atlanta|Georgia|30392
732|Margarette|Southerill|msoutherillkb@dyndns.org|Female|6515 Continental Drive|Midland|Texas|79710
733|Anita|Pavelka|apavelkakc@mozilla.com|Female|73869 Springs Terrace|Staten Island|New York|10305
734|Niko|LeEstut|nleestutkd@devhub.com|Male|3777 Golf Park|San Francisco|California|94121
735|Pennie|Morrad|pmorradke@umich.edu|Female|28 Claremont Crossing|Omaha|Nebraska|68179
736|Thayne|Mattiello|tmattiellokf@omniture.com|Male|59602 Tennessee Junction|Phoenix|Arizona|85072
737|Alfie|Emmerson|aemmersonkg@si.edu|Female|0897 Bunker Hill Street|Indianapolis|Indiana|46254
738|Mariejeanne|Regis|mregiskh@hostgator.com|Female|96410 West Avenue|Kansas City|Missouri|64130
739|Gayla|Aleso|galesoki@nymag.com|Female|4531 Sutherland Way|Tulsa|Oklahoma|74116
740|Ardra|Pacheco|apachecokj@forbes.com|Female|9 John Wall Circle|Salem|Oregon|97306
741|Berty|Massenhove|bmassenhovekk@geocities.jp|Male|4209 Miller Road|Oceanside|California|92056
742|Ardisj|Attridge|aattridgekl@ezinearticles.com|Female|8852 Moulton Street|Dayton|Ohio|45490
743|Julita|Guidini|jguidinikm@washingtonpost.com|Female|36 Sloan Circle|Dallas|Texas|75387
744|Cordi|Tithacott|ctithacottkn@ibm.com|Female|85 Prentice Point|Memphis|Tennessee|38109
745|Marty|Bruckner|mbrucknerko@ustream.tv|Male|5058 Birchwood Junction|Myrtle Beach|South Carolina|29579
746|Gwenore|Chard|gchardkp@tinyurl.com|Female|92512 Granby Trail|Kansas City|Missouri|64101
747|Wendall|Starbucke|wstarbuckekq@yahoo.co.jp|Male|80054 Chinook Place|Charleston|South Carolina|29403
748|Cherri|Duffyn|cduffynkr@liveinternet.ru|Female|972 Westend Trail|Pittsburgh|Pennsylvania|15230
749|Nora|Grugerr|ngrugerrks@shareasale.com|Female|70820 Hoffman Junction|Madison|Wisconsin|53785
750|Doll|Dunkerley|ddunkerleykt@yellowbook.com|Female|396 Troy Pass|San Francisco|California|94154
751|Reynold|Dowden|rdowdenku@wsj.com|Male|21204 Blue Bill Park Junction|Denton|Texas|76210
752|Calvin|Allsup|callsupkv@usatoday.com|Male|52333 Everett Point|Saint Paul|Minnesota|55166
753|Roldan|Fludgate|rfludgatekw@reuters.com|Male|793 Delladonna Court|Lincoln|Nebraska|68531
754|Basilius|Hainey`|bhaineykx@nbcnews.com|Male|519 Pine View Street|Richmond|Virginia|23203
755|Gwendolen|Viollet|gviolletky@booking.com|Female|21366 Thierer Center|Saint Louis|Missouri|63110
756|Johan|Piff|jpiffkz@hud.gov|Male|17560 Lerdahl Lane|Columbia|South Carolina|29215
757|Ricard|Moakes|rmoakesl0@nsw.gov.au|Male|9986 Rutledge Place|Katy|Texas|77493
758|Harry|Bortolazzi|hbortolazzil1@irs.gov|Male|331 Mccormick Junction|Maple Plain|Minnesota|55579
759|Willdon|Sunnucks|wsunnucksl2@weather.com|Male|42114 Sage Lane|Bismarck|North Dakota|58505
760|Marys|Widdecombe|mwiddecombel3@google.it|Female|6 Banding Center|Vienna|Virginia|22184
761|Lauren|Wegener|lwegenerl4@taobao.com|Female|79 Loftsgordon Hill|Flushing|New York|11388
762|Neala|Eskriett|neskriettl5@myspace.com|Female|667 Columbus Street|Jamaica|New York|11499
763|Evvy|Drews|edrewsl6@livejournal.com|Female|64 Fordem Center|San Jose|California|95138
764|Vic|Dawson|vdawsonl7@ed.gov|Male|41 Ohio Lane|Arlington|Virginia|22234
765|Christye|Corrao|ccorraol8@godaddy.com|Female|31740 Monica Park|Spokane|Washington|99252
766|Jacquenetta|McCutcheon|jmccutcheonl9@w3.org|Female|39 Manitowish Circle|Pueblo|Colorado|81005
767|Cal|Leaton|cleatonla@domainmarket.com|Male|9601 Bartillon Alley|Montgomery|Alabama|36177
768|Romonda|Megarry|rmegarrylb@ustream.tv|Female|0 Northfield Circle|Jacksonville|Florida|32236
769|Domeniga|Troillet|dtroilletlc@cpanel.net|Female|91269 Leroy Plaza|Miami|Florida|33124
770|Giana|Luty|glutyld@mozilla.com|Female|0030 Sommers Road|Palatine|Illinois|60078
771|Blancha|Jansens|bjansensle@creativecommons.org|Female|4 Merchant Pass|Memphis|Tennessee|38114
772|Lyndell|Lorden|llordenlf@netvibes.com|Female|18946 Little Fleur Court|Minneapolis|Minnesota|55441
773|Marion|Rockcliffe|mrockcliffelg@google.com.br|Male|76 Nancy Place|Erie|Pennsylvania|16522
774|Myron|Giannoni|mgiannonilh@twitter.com|Male|0348 Thierer Trail|Birmingham|Alabama|35254
775|Mal|Detoile|mdetoileli@sakura.ne.jp|Male|345 Sauthoff Place|Katy|Texas|77493
776|Beulah|Blenkhorn|bblenkhornlj@google.com.hk|Female|59 Mallard Terrace|Brooklyn|New York|11215
777|Lothario|Ancliffe|lancliffelk@npr.org|Male|89 Jay Court|Orange|California|92862
778|Lisa|Fallanche|lfallanchell@chron.com|Female|115 Lawn Junction|Anaheim|California|92825
779|Velvet|Crannage|vcrannagelm@scribd.com|Female|7 Corscot Alley|Austin|Texas|78726
780|Moina|Oiseau|moiseauln@forbes.com|Female|535 Wayridge Road|Austin|Texas|78710
781|Jaynell|Rossborough|jrossboroughlo@google.it|Female|00259 Express Hill|Sacramento|California|95828
782|Vinita|Hawyes|vhawyeslp@bbc.co.uk|Female|997 Brentwood Court|Washington|District of Columbia|20425
783|Hersh|Langdridge|hlangdridgelq@surveymonkey.com|Male|6 Lake View Drive|Columbia|South Carolina|29208
784|Erda|Pettwood|epettwoodlr@stanford.edu|Female|29682 Debs Crossing|Duluth|Georgia|30195
785|Anabel|Yude|ayudels@yolasite.com|Female|08 Dayton Park|Boston|Massachusetts|02208
786|Rosanne|MacAnellye|rmacanellyelt@theguardian.com|Female|826 Trailsway Pass|Los Angeles|California|90081
787|Christoforo|Le Floch|cleflochlu@dmoz.org|Male|4 Mockingbird Terrace|Gulfport|Mississippi|39505
788|Langston|Dunford|ldunfordlv@skype.com|Male|91383 Corscot Court|Cleveland|Ohio|44111
789|Herta|Graveston|hgravestonlw@blogtalkradio.com|Female|8 Hanson Hill|Flushing|New York|11355
790|Deidre|Broggelli|dbroggellilx@php.net|Female|14741 Farmco Court|Huntington Beach|California|92648
791|Angelina|Pattini|apattinily@bloglines.com|Female|6191 Sloan Road|Columbus|Ohio|43284
792|Nikolaos|Neenan|nneenanlz@virginia.edu|Male|307 Meadow Vale Court|New York City|New York|10060
793|Owen|Merriment|omerrimentm0@washington.edu|Male|580 Dovetail Park|Baltimore|Maryland|21275
794|Marve|Wylie|mwyliem1@va.gov|Male|83 Hoffman Circle|Clearwater|Florida|34615
795|Costa|Stuttard|cstuttardm2@4shared.com|Male|4714 Cherokee Way|Norfolk|Virginia|23551
796|Emalia|Burg|eburgm3@mail.ru|Female|7 Service Crossing|Madison|Wisconsin|53779
797|Sara-ann|Bullimore|sbullimorem4@eepurl.com|Female|92189 Mayer Trail|Dallas|Texas|75231
798|Fredi|Crews|fcrewsm5@yandex.ru|Female|9 Pennsylvania Center|Colorado Springs|Colorado|80951
799|Paxton|Gutteridge|pgutteridgem6@theatlantic.com|Male|0 Grasskamp Pass|Indianapolis|Indiana|46202
800|Alf|Pitchers|apitchersm7@blog.com|Male|1631 Independence Point|New York City|New York|10120
801|Annadiane|Barock|abarockm8@yandex.ru|Female|8837 Bunker Hill Drive|Elmira|New York|14905
802|Nicolais|Lafuente|nlafuentem9@mlb.com|Male|98 Gale Avenue|Corpus Christi|Texas|78470
803|Lesly|Pancast|lpancastma@ebay.co.uk|Female|9707 Granby Trail|Boca Raton|Florida|33432
804|Aurie|Glossop|aglossopmb@elpais.com|Female|5355 High Crossing Drive|Houston|Texas|77206
805|Chase|Buntain|cbuntainmc@people.com.cn|Male|608 Brentwood Avenue|Trenton|New Jersey|08650
806|Matthaeus|Aberchirder|maberchirdermd@wsj.com|Male|15536 Katie Terrace|Lubbock|Texas|79452
807|Vidovik|Flores|vfloresme@answers.com|Male|06 Corben Road|Saint Paul|Minnesota|55146
808|Kerry|Ryrie|kryriemf@ocn.ne.jp|Male|19 Kipling Circle|Biloxi|Mississippi|39534
809|Quintus|Choppen|qchoppenmg@etsy.com|Male|184 Oak Park|Birmingham|Alabama|35290
810|Calli|Minogue|cminoguemh@tinyurl.com|Female|831 South Terrace|San Diego|California|92170
811|Pru|Elleray|pelleraymi@smh.com.au|Female|4613 Ridgeway Plaza|Arlington|Virginia|22212
812|Giselbert|Grosier|ggrosiermj@ehow.com|Male|32898 Grim Court|Fort Wayne|Indiana|46857
813|Lynn|Leare|llearemk@pcworld.com|Male|6918 Maple Wood Junction|Nashville|Tennessee|37240
814|Ingelbert|Genthner|igenthnerml@weibo.com|Male|95225 Sloan Lane|Modesto|California|95397
815|Franni|Booth|fboothmm@sciencedaily.com|Female|32970 Vahlen Parkway|Camden|New Jersey|08104
816|Cam|Liddiard|cliddiardmn@topsy.com|Female|772 Glendale Avenue|Toledo|Ohio|43615
817|Marisa|Babbage|mbabbagemo@ameblo.jp|Female|4714 Schurz Trail|Orlando|Florida|32825
818|Gage|Coffey|gcoffeymp@4shared.com|Male|49261 Towne Place|Garden Grove|California|92844
819|Sharl|Bonifazio|sbonifaziomq@networkadvertising.org|Female|71896 Clyde Gallagher Crossing|Miami|Florida|33233
820|Kendre|Rickman|krickmanmr@51.la|Female|3797 Hollow Ridge Court|Tucson|Arizona|85732
821|Isidro|Abramzon|iabramzonms@biglobe.ne.jp|Male|6470 Hayes Junction|Des Moines|Iowa|50347
822|Leonardo|Acum|lacummt@slideshare.net|Male|126 Brentwood Street|Chicago|Illinois|60636
823|Jerrine|Keizman|jkeizmanmu@statcounter.com|Female|0759 6th Circle|Corpus Christi|Texas|78426
824|Isacco|Horrell|ihorrellmv@stanford.edu|Male|7221 Mcguire Pass|Albany|New York|12255
825|Vaughn|Piggrem|vpiggremmw@examiner.com|Male|9 Butternut Place|Salinas|California|93907
826|Lloyd|Awmack|lawmackmx@squarespace.com|Male|88 Oak Parkway|Charlotte|North Carolina|28230
827|Maribeth|Siderfin|msiderfinmy@virginia.edu|Female|6 Butternut Lane|Migrate|Kentucky|41905
828|Alexia|Garnsey|agarnseymz@amazon.co.jp|Female|9720 Burning Wood Court|London|Kentucky|40745
829|Corena|Chinnery|cchinneryn0@seesaa.net|Female|63907 1st Alley|Austin|Texas|78710
830|Dyan|Passion|dpassionn1@msn.com|Female|232 Pankratz Plaza|Shawnee Mission|Kansas|66210
831|Rhys|Emons|remonsn2@youtube.com|Male|4 Westend Avenue|Staten Island|New York|10310
832|Selena|Hazel|shazeln3@google.de|Female|86 Buell Alley|San Antonio|Texas|78220
833|Fanny|Gamil|fgamiln4@seattletimes.com|Female|4419 Oak Plaza|Cincinnati|Ohio|45233
834|Dorelia|Rainton|draintonn5@xing.com|Female|80290 Blaine Drive|Saint Petersburg|Florida|33710
835|Beatrice|Vickars|bvickarsn6@cocolog-nifty.com|Female|68 Dexter Parkway|San Jose|California|95173
836|Ulrica|Goadsby|ugoadsbyn7@pinterest.com|Female|15124 Raven Hill|Chicago|Illinois|60614
837|Jody|Manhood|jmanhoodn8@shinystat.com|Male|0 Cascade Court|Columbus|Ohio|43210
838|Salim|Rulf|srulfn9@huffingtonpost.com|Male|311 Carpenter Avenue|Saint Louis|Missouri|63196
839|Gawain|Pitson|gpitsonna@home.pl|Male|6868 Eggendart Court|Los Angeles|California|90040
840|Jaclyn|Meedendorpe|jmeedendorpenb@wiley.com|Female|506 Maryland Center|Everett|Washington|98206
841|Nolan|Brech|nbrechnc@wsj.com|Male|782 Gina Crossing|Burbank|California|91520
842|Eddy|Dimitrov|edimitrovnd@stumbleupon.com|Male|0 Luster Road|Cambridge|Massachusetts|02142
843|Brnaby|Mc Elory|bmceloryne@google.cn|Male|48 Monterey Pass|Lubbock|Texas|79415
844|Addie|Fucher|afuchernf@edublogs.org|Male|877 Dawn Road|Reno|Nevada|89595
845|Cyndia|Kirstein|ckirsteinng@slate.com|Female|2 Dayton Park|Houston|Texas|77245
846|Darill|Brayson|dbraysonnh@goo.ne.jp|Male|5 Jenifer Place|Las Vegas|Nevada|89140
847|Winny|Giorgielli|wgiorgiellini@xinhuanet.com|Male|3 Waubesa Alley|Miami|Florida|33111
848|Cati|Heaford|cheafordnj@dailymotion.com|Female|32 Oneill Parkway|Wichita Falls|Texas|76310
849|Trudy|Rishbrook|trishbrooknk@businessinsider.com|Female|7009 International Parkway|Chicago|Illinois|60652
850|Koren|Cossentine|kcossentinenl@sfgate.com|Female|751 Lerdahl Crossing|Chicago|Illinois|60609
851|Sander|Guyon|sguyonnm@clickbank.net|Male|3204 Northport Point|Springfield|Massachusetts|01114
852|Celinda|Jirick|cjiricknn@mozilla.com|Female|2 Kedzie Junction|Alexandria|Virginia|22309
853|Brody|Rickman|brickmanno@netscape.com|Male|0928 Orin Street|Jamaica|New York|11470
854|Benson|Tarbath|btarbathnp@youtu.be|Male|24015 Pankratz Center|Miami|Florida|33185
855|Malvin|Najera|mnajeranq@ifeng.com|Male|8136 Duke Road|San Antonio|Texas|78240
856|Noam|Meade|nmeadenr@issuu.com|Male|01269 Delaware Alley|Fresno|California|93778
857|Pancho|Simson|psimsonns@cornell.edu|Male|0 Little Fleur Junction|Gastonia|North Carolina|28055
858|Dolorita|Pinnocke|dpinnockent@elegantthemes.com|Female|37530 Coleman Pass|Fort Wayne|Indiana|46852
859|Will|Mapplethorpe|wmapplethorpenu@theglobeandmail.com|Male|05279 Magdeline Way|Trenton|New Jersey|08603
860|Collette|Thrower|cthrowernv@wikia.com|Female|6 Glendale Circle|Houston|Texas|77250
861|Kora|Embra|kembranw@google.co.jp|Female|0 Burning Wood Plaza|Inglewood|California|90305
862|Alvis|Clackson|aclacksonnx@flickr.com|Male|91 Marcy Street|Hartford|Connecticut|06105
863|Wake|Bury|wburyny@nih.gov|Male|7 Morningstar Junction|Charleston|South Carolina|29411
864|Earl|Service|eservicenz@dropbox.com|Male|7 Ronald Regan Drive|Sioux Falls|South Dakota|57110
865|Raffaello|Bertelsen|rbertelseno0@ebay.com|Male|0 Killdeer Lane|Saint Petersburg|Florida|33715
866|Celesta|O'Carmody|cocarmodyo1@tinyurl.com|Female|4878 Spaight Alley|Las Vegas|Nevada|89115
867|Raine|Anton|rantono2@squidoo.com|Female|29931 Raven Hill|Oklahoma City|Oklahoma|73167
868|Hugibert|Bales|hbaleso3@dmoz.org|Male|2278 Northfield Street|Springfield|Illinois|62705
869|Bobbee|Topes|btopeso4@amazon.co.uk|Female|840 Drewry Street|Tulsa|Oklahoma|74108
870|Ambrosio|Dreigher|adreighero5@g.co|Male|9668 Clarendon Circle|Houston|Texas|77060
871|Weidar|Ody|wodyo6@huffingtonpost.com|Male|40 Schmedeman Center|New York City|New York|10120
872|Sophronia|Chopping|schoppingo7@typepad.com|Female|222 Russell Way|Washington|District of Columbia|20067
873|Agretha|Tearny|atearnyo8@whitehouse.gov|Female|80 Lakewood Gardens Point|Alpharetta|Georgia|30022
874|Bobette|Apfel|bapfelo9@weibo.com|Female|9482 Anderson Crossing|Long Beach|California|90810
875|Terra|Newlands|tnewlandsoa@pcworld.com|Female|58431 Morrow Point|San Jose|California|95128
876|Florencia|Mathouse|fmathouseob@ameblo.jp|Female|3605 Pawling Terrace|Raleigh|North Carolina|27658
877|Nicko|Rutigliano|nrutiglianooc@tinyurl.com|Male|8437 Fuller Road|Van Nuys|California|91406
878|Darin|Euplate|deuplateod@behance.net|Male|6 Sheridan Point|Naples|Florida|33963
879|Padraic|Chiddy|pchiddyoe@desdev.cn|Male|4 Rigney Hill|Temple|Texas|76505
880|Guendolen|Meddings|gmeddingsof@unicef.org|Female|8324 Old Shore Hill|Fairfield|Connecticut|06825
881|Gwen|Wahner|gwahnerog@intel.com|Female|447 Coleman Parkway|New York City|New York|10120
882|Klarika|Juan|kjuanoh@youtube.com|Female|8132 Kropf Court|Hartford|Connecticut|06160
883|Jorrie|Ewdale|jewdaleoi@imgur.com|Female|636 Quincy Park|Saint Paul|Minnesota|55172
884|Cy|Rasmus|crasmusoj@etsy.com|Male|8 Melby Parkway|Asheville|North Carolina|28815
885|Raul|Kenen|rkenenok@ihg.com|Male|8488 Ridgeview Terrace|Modesto|California|95397
886|Nikolos|Flips|nflipsol@blog.com|Male|59 Hauk Road|Washington|District of Columbia|20397
887|Conney|Calderon|ccalderonom@jalbum.net|Male|7 Schmedeman Terrace|Oakland|California|94622
888|Salmon|Strephan|sstrephanon@toplist.cz|Male|76180 Petterle Terrace|Macon|Georgia|31210
889|Kathie|Prosek|kprosekoo@unc.edu|Female|9 Claremont Crossing|Jackson|Mississippi|39236
890|Katti|de Courcy|kdecourcyop@cyberchimps.com|Female|0591 Menomonie Center|New York City|New York|10105
891|Irwinn|Marshall|imarshalloq@dedecms.com|Male|50 Mosinee Crossing|Macon|Georgia|31296
892|Sydelle|Gummoe|sgummoeor@mlb.com|Female|9 Vermont Junction|Huntington|West Virginia|25726
893|Shawn|Legerwood|slegerwoodos@amazonaws.com|Female|632 Canary Way|Chattanooga|Tennessee|37416
894|Kalie|Darragon|kdarragonot@smugmug.com|Female|843 Thierer Plaza|Jersey City|New Jersey|07310
895|Mathian|Tother|mtotherou@wsj.com|Male|900 Magdeline Terrace|Charlotte|North Carolina|28210
896|Eduard|Lyokhin|elyokhinov@pcworld.com|Male|8891 Del Mar Crossing|Toledo|Ohio|43666
897|Ophelie|Lemme|olemmeow@toplist.cz|Female|14052 Farragut Center|San Bernardino|California|92424
898|Maressa|Littleproud|mlittleproudox@cnn.com|Female|4990 Farwell Plaza|Grand Rapids|Michigan|49544
899|Gayle|Grim|ggrimoy@about.com|Female|266 Rieder Avenue|Athens|Georgia|30605
900|Fayre|Ivanichev|fivanichevoz@cpanel.net|Female|2 Tomscot Avenue|Roanoke|Virginia|24024
901|Guglielmo|Fildery|gfilderyp0@vkontakte.ru|Male|488 Comanche Plaza|Muskegon|Michigan|49444
902|Gay|Warrington|gwarringtonp1@spotify.com|Female|6016 Clemons Crossing|Santa Fe|New Mexico|87505
903|Webster|Dymock|wdymockp2@gov.uk|Male|349 Westerfield Park|Rochester|New York|14646
904|Husain|Pottiphar|hpottipharp3@shareasale.com|Male|5823 Scott Hill|Springfield|Illinois|62756
905|Deonne|Habron|dhabronp4@godaddy.com|Female|7 Judy Avenue|San Bernardino|California|92405
906|Corette|Wagge|cwaggep5@odnoklassniki.ru|Female|35 Nelson Street|Plano|Texas|75074
907|Orbadiah|Sabatier|osabatierp6@fc2.com|Male|6 Londonderry Junction|Dallas|Texas|75246
908|Meridel|Stango|mstangop7@acquirethisname.com|Female|80 Main Circle|Denver|Colorado|80204
909|Juana|Blewis|jblewisp8@alibaba.com|Female|9207 Goodland Way|Wichita|Kansas|67236
910|Sibyl|Wainer|swainerp9@sogou.com|Male|98631 Fordem Terrace|Bryan|Texas|77806
911|Brandise|Giovannelli|bgiovannellipa@wp.com|Female|50 Namekagon Alley|Memphis|Tennessee|38109
912|Miguel|Calloway|mcallowaypb@sun.com|Male|7219 Fuller Point|Chicago|Illinois|60646
913|Verine|Carefull|vcarefullpc@weibo.com|Female|0 Sycamore Center|Washington|District of Columbia|20404
914|Lion|Hatterslay|lhatterslaypd@hud.gov|Male|1 American Street|San Antonio|Texas|78230
915|Bear|Applewhite|bapplewhitepe@jimdo.com|Male|9 Hermina Hill|Minneapolis|Minnesota|55407
916|Dottie|McMorran|dmcmorranpf@blog.com|Female|55 Monument Court|Austin|Texas|78778
917|Franni|Cosley|fcosleypg@imageshack.us|Female|243 Westridge Avenue|Colorado Springs|Colorado|80945
918|Fletch|Albertson|falbertsonph@php.net|Male|84 Anniversary Street|Roanoke|Virginia|24040
919|Herculie|Pues|hpuespi@cocolog-nifty.com|Male|17403 Summit Crossing|Nashville|Tennessee|37235
920|Eleanor|Baake|ebaakepj@cam.ac.uk|Female|6 Graceland Parkway|Saint Paul|Minnesota|55146
921|Brunhilde|Chisholme|bchisholmepk@vistaprint.com|Female|7 Becker Crossing|Wichita Falls|Texas|76310
922|Bryanty|Pittaway|bpittawaypl@nasa.gov|Male|98189 Trailsway Junction|Topeka|Kansas|66606
923|Jillie|Izkovitz|jizkovitzpm@rambler.ru|Female|26053 Coolidge Alley|Ocala|Florida|34474
924|Luce|Girodon|lgirodonpn@dagondesign.com|Female|737 Parkside Lane|Memphis|Tennessee|38109
925|Micah|Dicke|mdickepo@pen.io|Male|178 Grasskamp Center|Roanoke|Virginia|24040
926|Marlane|Goady|mgoadypp@google.co.uk|Female|86316 Killdeer Park|Miami|Florida|33129
927|Nariko|Ruckert|nruckertpq@wikia.com|Female|2 Arkansas Alley|Brooklyn|New York|11247
928|Nichole|Pundy|npundypr@gnu.org|Female|49302 Eliot Way|Concord|California|94522
929|Inger|Friman|ifrimanps@nationalgeographic.com|Female|9 Maywood Circle|Schenectady|New York|12325
930|Merrel|Skakunas|mskakunaspt@archive.org|Male|639 Jackson Hill|Newport News|Virginia|23612
931|Sunny|Challice|schallicepu@stanford.edu|Male|1369 Shopko Plaza|Lynn|Massachusetts|01905
932|Querida|Britch|qbritchpv@globo.com|Female|33169 Monterey Hill|Waltham|Massachusetts|02453
933|Sterne|Sorrie|ssorriepw@friendfeed.com|Male|2574 Prentice Street|Phoenix|Arizona|85040
934|Miller|Deinhard|mdeinhardpx@jalbum.net|Male|57017 Canary Street|Seattle|Washington|98115
935|Eydie|Grzegorzewski|egrzegorzewskipy@pinterest.com|Female|69 Garrison Junction|Pocatello|Idaho|83206
936|Marni|Haddrell|mhaddrellpz@reverbnation.com|Female|5968 Loftsgordon Lane|Reading|Pennsylvania|19610
937|Lemar|Benallack|lbenallackq0@icio.us|Male|8423 Nelson Circle|Rochester|New York|14683
938|Jacinthe|Bygrave|jbygraveq1@de.vu|Female|05220 Fisk Way|Zephyrhills|Florida|33543
939|Leo|Clemente|lclementeq2@wufoo.com|Male|9 Towne Road|Indianapolis|Indiana|46247
940|Dinnie|Jersch|djerschq3@edublogs.org|Female|7087 Fuller Alley|Indianapolis|Indiana|46266
941|Cletis|Dickin|cdickinq4@latimes.com|Male|484 Golf View Court|Los Angeles|California|90087
942|Constantina|Brilleman|cbrillemanq5@yale.edu|Female|4658 Melby Circle|Reston|Virginia|22096
943|Quillan|Maass|qmaassq6@prweb.com|Male|69564 Daystar Terrace|Maple Plain|Minnesota|55579
944|Charis|Leed|cleedq7@stumbleupon.com|Female|53 Lotheville Way|Aurora|Colorado|80015
945|Waverley|McLorinan|wmclorinanq8@washingtonpost.com|Male|95079 Debra Terrace|Washington|District of Columbia|20470
946|Colleen|Wethers|cwethersq9@indiatimes.com|Female|6630 Jana Street|Madison|Wisconsin|53705
947|Joy|Fuge|jfugeqa@photobucket.com|Female|3 Prentice Park|Sacramento|California|94250
948|Phebe|Jagoe|pjagoeqb@howstuffworks.com|Female|124 Fulton Place|Lake Charles|Louisiana|70607
949|Gerta|Plomer|gplomerqc@vistaprint.com|Female|918 Bashford Alley|Charlotte|North Carolina|28205
950|Lezley|Gilhooley|lgilhooleyqd@si.edu|Male|5394 Dixon Way|Amarillo|Texas|79159
951|Hilliard|Donaldson|hdonaldsonqe@scribd.com|Male|68 Vermont Plaza|Saint Paul|Minnesota|55127
952|Layton|Durnan|ldurnanqf@sina.com.cn|Male|36003 Magdeline Alley|Boise|Idaho|83716
953|Ebeneser|Peele|epeeleqg@cornell.edu|Male|60410 Cody Place|Austin|Texas|78778
954|Nadiya|Loughead|nlougheadqh@ed.gov|Female|201 Northfield Park|Modesto|California|95397
955|Venita|McIndoe|vmcindoeqi@google.nl|Female|33068 Florence Circle|Austin|Texas|78749
956|Pansie|Zotto|pzottoqj@booking.com|Female|805 Crowley Junction|Brockton|Massachusetts|02405
957|Kandace|Lapidus|klapidusqk@rediff.com|Female|6324 Merchant Crossing|Richmond|Virginia|23237
958|Shep|Charer|scharerql@plala.or.jp|Male|6 Anniversary Lane|Lubbock|Texas|79491
959|Charmine|Exton|cextonqm@indiegogo.com|Female|6 Eastlawn Alley|Houston|Texas|77228
960|Aubrey|Hardisty|ahardistyqn@squarespace.com|Male|378 Hermina Court|Chicago|Illinois|60657
961|Peta|Adamovitz|padamovitzqo@gov.uk|Female|51 Tomscot Terrace|Chattanooga|Tennessee|37405
962|Elianore|Clemmey|eclemmeyqp@aol.com|Female|9 Reindahl Way|Dayton|Ohio|45403
963|Romy|Lorrie|rlorrieqq@sciencedaily.com|Female|7 Farmco Way|Lexington|Kentucky|40510
964|Electra|Santino|esantinoqr@domainmarket.com|Female|819 Haas Pass|San Diego|California|92160
965|Jesse|Gandley|jgandleyqs@slate.com|Female|97554 Muir Avenue|Waco|Texas|76796
966|Clovis|Roll|crollqt@jigsy.com|Female|7 Village Green Road|Nashville|Tennessee|37245
967|Daron|Paula|dpaulaqu@google.co.uk|Male|66891 Carey Trail|Naperville|Illinois|60567
968|Isis|Rumney|irumneyqv@edublogs.org|Female|2176 Lyons Hill|Evansville|Indiana|47719
969|Jackie|Houndsom|jhoundsomqw@ca.gov|Female|67014 Bellgrove Center|Lexington|Kentucky|40581
970|Zak|Ragate|zragateqx@com.com|Male|01 Kingsford Court|Sacramento|California|95865
971|Teddy|Lowfill|tlowfillqy@canalblog.com|Male|4058 Loftsgordon Park|Morgantown|West Virginia|26505
972|Dory|Colnett|dcolnettqz@istockphoto.com|Male|29 Dakota Plaza|Lansing|Michigan|48901
973|Rees|Martygin|rmartyginr0@diigo.com|Male|2968 Division Plaza|Saint Paul|Minnesota|55115
974|Romy|O'Dogherty|rodoghertyr1@free.fr|Female|8077 Hayes Park|Corona|California|92878
975|Arther|Rosenstiel|arosenstielr2@constantcontact.com|Male|5 Monterey Crossing|Hartford|Connecticut|06105
976|Lory|Linstead|llinsteadr3@house.gov|Female|1877 Westridge Place|Phoenix|Arizona|85045
977|Kailey|Renault|krenaultr4@slashdot.org|Female|4374 Manley Street|Burbank|California|91505
978|Maddi|Skouling|mskoulingr5@so-net.ne.jp|Female|34 Hudson Avenue|Boston|Massachusetts|02104
979|Eloise|Izatt|eizattr6@edublogs.org|Female|53 Di Loreto Court|South Bend|Indiana|46634
980|Gianina|Rock|grockr7@cargocollective.com|Female|85444 Bonner Park|Lake Worth|Florida|33467
981|Roth|Le Barr|rlebarrr8@i2i.jp|Male|32587 Barby Court|Albany|New York|12222
982|Larry|Cathenod|lcathenodr9@storify.com|Male|165 Basil Center|Phoenix|Arizona|85005
983|Johnathan|Riggoll|jriggollra@woothemes.com|Male|39 Spaight Center|Nashville|Tennessee|37210
984|Lion|Rubee|lrubeerb@nasa.gov|Male|982 Susan Road|Hot Springs National Park|Arkansas|71914
985|Editha|Chantler|echantlerrc@artisteer.com|Female|54276 Prairie Rose Point|Cumming|Georgia|30130
986|Felice|Litchmore|flitchmorerd@webeden.co.uk|Male|408 Hallows Crossing|Montpelier|Vermont|05609
987|Sullivan|Batstone|sbatstonere@jigsy.com|Male|505 Cardinal Road|Wichita Falls|Texas|76305
988|Katleen|Tankus|ktankusrf@sina.com.cn|Female|54036 Prairieview Crossing|Baltimore|Maryland|21239
989|Olly|O'Nowlan|oonowlanrg@nifty.com|Female|8886 Petterle Pass|Bismarck|North Dakota|58505
990|Blayne|Lanigan|blaniganrh@comsenz.com|Male|30629 Thierer Pass|Columbus|Ohio|43220
991|Heall|Fawks|hfawksri@elpais.com|Male|74 Florence Way|San Jose|California|95128
992|Flory|Oliffe|folifferj@nyu.edu|Male|7183 Nancy Drive|Minneapolis|Minnesota|55458
993|Merry|Meiklam|mmeiklamrk@reverbnation.com|Male|5 Knutson Terrace|Kansas City|Missouri|64153
994|Moria|Narracott|mnarracottrl@people.com.cn|Female|634 Dixon Point|Orlando|Florida|32830
995|Abba|Ponnsett|aponnsettrm@arstechnica.com|Male|1545 Del Sol Crossing|Phoenix|Arizona|85083
996|Rodrigo|Wyon|rwyonrn@si.edu|Male|1 School Drive|Dallas|Texas|75342
997|Melosa|Heynel|mheynelro@bloglines.com|Female|42 Norway Maple Street|Arlington|Virginia|22234
998|Tod|Fennell|tfennellrp@instagram.com|Male|5569 Randy Way|Des Moines|Iowa|50315
999|Dore|Plowright|dplowrightrq@google.pl|Male|9497 Golf View Avenue|Bakersfield|California|93399
1000|Sisely|Devas|sdevasrr@arizona.edu|Female|9 La Follette Drive|Montpelier|Vermont|05609
